Cryptocurrency,Date,Price (USD)
bitcoin,2024-09-12,58026.009078758456
bitcoin,2024-09-12,58091.00972656764
bitcoin,2024-09-12,58057.08319565786
bitcoin,2024-09-12,57659.95493558617
bitcoin,2024-09-12,57970.459668913456
bitcoin,2024-09-12,57927.30769053969
bitcoin,2024-09-12,57822.685553282594
bitcoin,2024-09-12,58087.38186620643
bitcoin,2024-09-12,58358.331296075514
bitcoin,2024-09-12,58365.418953508546
bitcoin,2024-09-12,58386.380745154944
bitcoin,2024-09-12,57986.46518718724
bitcoin,2024-09-12,58060.35003707302
bitcoin,2024-09-12,58134.82700804652
bitcoin,2024-09-13,58155.62113177616
bitcoin,2024-09-13,58013.497710735
bitcoin,2024-09-13,58156.875844222704
bitcoin,2024-09-13,58045.75605813572
bitcoin,2024-09-13,57932.6955649952
bitcoin,2024-09-13,57888.70178505414
bitcoin,2024-09-13,57852.2686668971
bitcoin,2024-09-13,57852.42404220491
bitcoin,2024-09-13,57999.53338912729
bitcoin,2024-09-13,57949.06426994313
bitcoin,2024-09-13,58089.113778767205
bitcoin,2024-09-13,58218.48942630179
bitcoin,2024-09-13,57819.30771897093
bitcoin,2024-09-13,57926.460287186324
bitcoin,2024-09-13,58054.03118432944
bitcoin,2024-09-13,58449.93476529068
bitcoin,2024-09-13,59593.36696907746
bitcoin,2024-09-13,59634.58338002218
bitcoin,2024-09-13,59600.17719945084
bitcoin,2024-09-13,59805.60489728142
bitcoin,2024-09-13,59675.75547078083
bitcoin,2024-09-13,59886.54177927379
bitcoin,2024-09-13,60431.28098885077
bitcoin,2024-09-13,60414.28977610074
bitcoin,2024-09-14,60620.62747295754
bitcoin,2024-09-14,60590.86543654763
bitcoin,2024-09-14,60480.46260923191
bitcoin,2024-09-14,60419.12908298475
bitcoin,2024-09-14,60334.796787248044
bitcoin,2024-09-14,60240.273519966184
bitcoin,2024-09-14,60001.15051060231
bitcoin,2024-09-14,60026.432790818886
bitcoin,2024-09-14,60070.48557496104
bitcoin,2024-09-14,59968.41696998458
bitcoin,2024-09-14,60014.00828587379
bitcoin,2024-09-14,59819.902506818566
bitcoin,2024-09-14,59794.75427824437
bitcoin,2024-09-14,59776.159657963886
bitcoin,2024-09-14,59793.05620420053
bitcoin,2024-09-14,59966.60767673061
bitcoin,2024-09-14,59890.30652647748
bitcoin,2024-09-14,59910.77636141386
bitcoin,2024-09-14,59841.35086761201
bitcoin,2024-09-14,59780.44873391363
bitcoin,2024-09-14,59823.33175552341
bitcoin,2024-09-14,59975.26978669294
bitcoin,2024-09-14,60064.75264543763
bitcoin,2024-09-14,60064.432134572024
bitcoin,2024-09-15,60013.882041044
bitcoin,2024-09-15,60126.50434134393
bitcoin,2024-09-15,60169.79899717741
bitcoin,2024-09-15,60220.14355588191
bitcoin,2024-09-15,60209.40011532449
bitcoin,2024-09-15,60174.848181359004
bitcoin,2024-09-15,60152.179161967026
bitcoin,2024-09-15,60152.50056428418
bitcoin,2024-09-15,60204.4991581917
bitcoin,2024-09-15,60070.699708137254
bitcoin,2024-09-15,59980.01117210122
bitcoin,2024-09-15,59997.748304015346
bitcoin,2024-09-15,59972.170926690655
bitcoin,2024-09-15,60080.54021760577
bitcoin,2024-09-15,60020.80352274349
bitcoin,2024-09-15,60251.898335166276
bitcoin,2024-09-15,60241.044621817106
bitcoin,2024-09-15,59867.17271162391
bitcoin,2024-09-15,59817.63931653717
bitcoin,2024-09-15,60139.49558241954
bitcoin,2024-09-15,59934.89630185745
bitcoin,2024-09-15,59622.2393902769
bitcoin,2024-09-15,59418.21608572046
bitcoin,2024-09-15,58949.11369730079
bitcoin,2024-09-16,58962.86324377677
bitcoin,2024-09-16,58689.43905998534
bitcoin,2024-09-16,58442.9634176284
bitcoin,2024-09-16,58373.35584330864
bitcoin,2024-09-16,58579.58396190821
bitcoin,2024-09-16,58321.09535637939
bitcoin,2024-09-16,58602.93079593577
bitcoin,2024-09-16,58680.7927891159
bitcoin,2024-09-16,58929.764480198406
bitcoin,2024-09-16,58982.52543925611
bitcoin,2024-09-16,58610.714110205
bitcoin,2024-09-16,58800.54160959564
bitcoin,2024-09-16,58765.12817618118
bitcoin,2024-09-16,58499.64650639906
bitcoin,2024-09-16,58374.725818389015
bitcoin,2024-09-16,57912.77735736806
bitcoin,2024-09-16,57905.67320656069
bitcoin,2024-09-16,57860.077940136594
bitcoin,2024-09-16,58176.37890208296
bitcoin,2024-09-16,57863.95250925426
bitcoin,2024-09-16,57890.44885024387
bitcoin,2024-09-16,57884.533124725094
bitcoin,2024-09-16,57986.08347484864
bitcoin,2024-09-16,58236.257445578536
bitcoin,2024-09-17,58251.27267436425
bitcoin,2024-09-17,57767.78226883802
bitcoin,2024-09-17,57839.48097393634
bitcoin,2024-09-17,58098.16699183134
bitcoin,2024-09-17,58129.353688610405
bitcoin,2024-09-17,58264.61830815356
bitcoin,2024-09-17,58532.70872200161
bitcoin,2024-09-17,58569.71835994324
bitcoin,2024-09-17,58790.090047016616
bitcoin,2024-09-17,58722.162538473516
bitcoin,2024-09-17,59094.149237134654
bitcoin,2024-09-17,59055.53531671722
bitcoin,2024-09-17,59228.508480328026
bitcoin,2024-09-17,59284.755003367514
bitcoin,2024-09-17,59163.77955715653
bitcoin,2024-09-17,61231.62129710131
bitcoin,2024-09-17,61202.01968568921
bitcoin,2024-09-17,60970.25348144018
bitcoin,2024-09-17,60976.857374660656
bitcoin,2024-09-17,60563.415830997714
bitcoin,2024-09-17,59973.9506205091
bitcoin,2024-09-17,60375.03695473223
bitcoin,2024-09-17,60174.66622543997
bitcoin,2024-09-17,60155.64411695945
bitcoin,2024-09-18,60061.88485600524
bitcoin,2024-09-18,60163.834722174084
bitcoin,2024-09-18,60124.06622749374
bitcoin,2024-09-18,60367.12638253788
bitcoin,2024-09-18,60514.12318125176
bitcoin,2024-09-18,60355.3951320565
bitcoin,2024-09-18,60320.42252263266
bitcoin,2024-09-18,60342.12443291608
bitcoin,2024-09-18,60238.90248548927
bitcoin,2024-09-18,60194.655723707816
bitcoin,2024-09-18,59781.959515665185
bitcoin,2024-09-18,59982.66746095182
bitcoin,2024-09-18,59871.92952024553
bitcoin,2024-09-18,59865.634809302755
bitcoin,2024-09-18,59450.8514452217
bitcoin,2024-09-18,59511.02624805182
bitcoin,2024-09-18,59520.59594606601
bitcoin,2024-09-18,59602.29473219028
bitcoin,2024-09-18,60171.933857235636
bitcoin,2024-09-18,60678.62222921164
bitcoin,2024-09-18,60033.62696794817
bitcoin,2024-09-18,60334.71975583846
bitcoin,2024-09-18,60481.06798044665
bitcoin,2024-09-18,61165.471218697974
bitcoin,2024-09-19,61826.717613028115
bitcoin,2024-09-19,61852.93928771889
bitcoin,2024-09-19,61982.67165987673
bitcoin,2024-09-19,61995.878699547255
bitcoin,2024-09-19,62151.170540432715
bitcoin,2024-09-19,62112.07774058046
bitcoin,2024-09-19,61868.704910266235
bitcoin,2024-09-19,62070.28774196219
bitcoin,2024-09-19,62138.77892749226
bitcoin,2024-09-19,62142.55195399946
bitcoin,2024-09-19,62437.87543011053
bitcoin,2024-09-19,62435.71774305727
bitcoin,2024-09-19,62705.46504031729
bitcoin,2024-09-19,63214.12051670896
bitcoin,2024-09-19,63409.84242468018
bitcoin,2024-09-19,63060.55291609862
bitcoin,2024-09-19,63156.58167514334
bitcoin,2024-09-19,63691.94971858993
bitcoin,2024-09-19,63710.849971934
bitcoin,2024-09-19,63326.74969222064
bitcoin,2024-09-19,63209.279258654795
bitcoin,2024-09-19,63107.859689652665
bitcoin,2024-09-19,62816.818926782136
bitcoin,2024-09-19,63030.91416557856
bitcoin,2024-09-20,62859.881298503366
bitcoin,2024-09-20,62723.21042425194
bitcoin,2024-09-20,62940.13098404887
bitcoin,2024-09-20,63221.25952578169
bitcoin,2024-09-20,63938.06737730212
bitcoin,2024-09-20,63845.79784800136
bitcoin,2024-09-20,63663.26751820861
bitcoin,2024-09-20,63794.65043498434
bitcoin,2024-09-20,63445.26790940719
bitcoin,2024-09-20,63450.98627177792
bitcoin,2024-09-20,63535.939453794286
bitcoin,2024-09-20,63605.91777446032
bitcoin,2024-09-20,63560.955692456606
bitcoin,2024-09-20,62858.48915175016
bitcoin,2024-09-20,63176.27748140863
bitcoin,2024-09-20,63035.96190672631
bitcoin,2024-09-20,62963.619087084044
bitcoin,2024-09-20,62977.99362070827
bitcoin,2024-09-20,62340.31538268507
bitcoin,2024-09-20,62898.995521616875
bitcoin,2024-09-20,62741.96191420676
bitcoin,2024-09-20,63275.835641788275
bitcoin,2024-09-20,63218.74334629486
bitcoin,2024-09-20,63133.41577914984
bitcoin,2024-09-21,63112.814854791555
bitcoin,2024-09-21,63137.69335249423
bitcoin,2024-09-21,62927.858786150224
bitcoin,2024-09-21,62901.80988214561
bitcoin,2024-09-21,62903.375684484614
bitcoin,2024-09-21,62814.00849523848
bitcoin,2024-09-21,62913.746842802204
bitcoin,2024-09-21,63014.15616462684
bitcoin,2024-09-21,63062.570729513565
bitcoin,2024-09-21,63034.28908934001
bitcoin,2024-09-21,63016.36348613192
bitcoin,2024-09-21,63073.66137369207
bitcoin,2024-09-21,63095.753063338765
bitcoin,2024-09-21,63163.604253392645
bitcoin,2024-09-21,63180.17536879339
bitcoin,2024-09-21,63195.459726426394
bitcoin,2024-09-21,63211.867421926196
bitcoin,2024-09-21,63327.035565487575
bitcoin,2024-09-21,63281.38889027068
bitcoin,2024-09-21,63276.43505382544
bitcoin,2024-09-21,63195.69319932743
bitcoin,2024-09-21,63153.94261495951
bitcoin,2024-09-21,63135.94706839281
bitcoin,2024-09-21,63245.85509990384
bitcoin,2024-09-22,63404.0397412204
bitcoin,2024-09-22,63221.03626631864
bitcoin,2024-09-22,62994.183303289064
bitcoin,2024-09-22,63172.702042744386
bitcoin,2024-09-22,63128.63365328686
bitcoin,2024-09-22,63143.39093156379
bitcoin,2024-09-22,62950.492870246606
bitcoin,2024-09-22,62872.55269458728
bitcoin,2024-09-22,63029.7759254394
bitcoin,2024-09-22,62849.84372885954
bitcoin,2024-09-22,62720.62608203571
bitcoin,2024-09-22,62630.55580520489
bitcoin,2024-09-22,62884.44002271679
bitcoin,2024-09-22,62812.42354825584
bitcoin,2024-09-22,62700.898433980416
bitcoin,2024-09-22,62629.676874796736
bitcoin,2024-09-22,62591.27215225804
bitcoin,2024-09-22,62784.84428558446
bitcoin,2024-09-22,62924.27314216407
bitcoin,2024-09-22,62898.99272469967
bitcoin,2024-09-22,63238.25175392767
bitcoin,2024-09-22,63304.5401448964
bitcoin,2024-09-22,62734.546819803894
bitcoin,2024-09-22,63849.17256282697
bitcoin,2024-09-23,63458.9142356631
bitcoin,2024-09-23,63776.94859257198
bitcoin,2024-09-23,63820.0405246694
bitcoin,2024-09-23,64501.15829950209
bitcoin,2024-09-23,64306.459582669086
bitcoin,2024-09-23,63792.9532888288
bitcoin,2024-09-23,63651.56887446489
bitcoin,2024-09-23,63624.815594830434
bitcoin,2024-09-23,63439.76687029365
bitcoin,2024-09-23,63556.53491966304
bitcoin,2024-09-23,63638.03054249659
bitcoin,2024-09-23,63418.90810348824
bitcoin,2024-09-23,63342.77255777203
bitcoin,2024-09-23,63365.70408770886
bitcoin,2024-09-23,63256.27299901569
bitcoin,2024-09-23,63178.5404933955
bitcoin,2024-09-23,63579.928590958574
bitcoin,2024-09-23,63211.27843149886
bitcoin,2024-09-23,63412.95660391257
bitcoin,2024-09-23,63379.45064316519
bitcoin,2024-09-23,63377.9661035729
bitcoin,2024-09-23,63425.84478353017
bitcoin,2024-09-23,63277.13975480292
bitcoin,2024-09-23,63270.97049959894
bitcoin,2024-09-24,63293.02227584865
bitcoin,2024-09-24,62916.27331139424
bitcoin,2024-09-24,62932.24332229067
bitcoin,2024-09-24,63058.87304547308
bitcoin,2024-09-24,63062.21063151522
bitcoin,2024-09-24,63156.44736973828
bitcoin,2024-09-24,63286.2928040735
bitcoin,2024-09-24,63409.31637361686
bitcoin,2024-09-24,63632.35809448501
bitcoin,2024-09-24,63869.96763625674
bitcoin,2024-09-24,63585.918945046295
bitcoin,2024-09-24,63411.43309603601
bitcoin,2024-09-24,63659.06812557422
bitcoin,2024-09-24,63443.50486853077
bitcoin,2024-09-24,63486.36710004105
bitcoin,2024-09-24,63280.81184745907
bitcoin,2024-09-24,63187.87136572216
bitcoin,2024-09-24,63280.72061497188
bitcoin,2024-09-24,63913.55325981623
bitcoin,2024-09-24,63796.65187679873
bitcoin,2024-09-24,64313.83296170882
bitcoin,2024-09-24,64262.188119867395
bitcoin,2024-09-24,64500.5097419534
bitcoin,2024-09-24,64470.556436023886
bitcoin,2024-09-25,64130.604526076364
bitcoin,2024-09-25,64109.68604562235
bitcoin,2024-09-25,64481.86159714476
bitcoin,2024-09-25,64422.42516647876
bitcoin,2024-09-25,64468.16327732497
bitcoin,2024-09-25,64169.49665558019
bitcoin,2024-09-25,64101.884913661226
bitcoin,2024-09-25,63826.695542602756
bitcoin,2024-09-25,63829.56074077468
bitcoin,2024-09-25,63720.9499132722
bitcoin,2024-09-25,63513.596264426225
bitcoin,2024-09-25,63569.073692051796
bitcoin,2024-09-25,63758.85574568504
bitcoin,2024-09-25,63545.47680207279
bitcoin,2024-09-25,63717.64211146071
bitcoin,2024-09-25,63984.639852140775
bitcoin,2024-09-25,63548.72429007291
bitcoin,2024-09-25,63401.15911142987
bitcoin,2024-09-25,63210.56613653398
bitcoin,2024-09-25,63339.70358428479
bitcoin,2024-09-25,63327.78550657698
bitcoin,2024-09-25,63484.87451909205
bitcoin,2024-09-25,63459.84804425882
bitcoin,2024-09-25,63149.826766914484
bitcoin,2024-09-26,63146.20550375649
bitcoin,2024-09-26,62872.963592621585
bitcoin,2024-09-26,63107.034437457965
bitcoin,2024-09-26,63355.715168777795
bitcoin,2024-09-26,63476.86246501799
bitcoin,2024-09-26,63419.36452917887
bitcoin,2024-09-26,63759.106213995015
bitcoin,2024-09-26,63682.8261234965
bitcoin,2024-09-26,63769.852521841574
bitcoin,2024-09-26,63627.59128573844
bitcoin,2024-09-26,63890.3278883831
bitcoin,2024-09-26,64329.51167119158
bitcoin,2024-09-26,64345.08693505475
bitcoin,2024-09-26,64417.49599534962
bitcoin,2024-09-26,64966.42607826345
bitcoin,2024-09-26,64606.33879645024
bitcoin,2024-09-26,65498.62114832278
bitcoin,2024-09-26,65501.33287313312
bitcoin,2024-09-26,65216.730040768525
bitcoin,2024-09-26,65223.19566762516
bitcoin,2024-09-26,64754.698699133485
bitcoin,2024-09-26,64840.67968468501
bitcoin,2024-09-26,65182.274278567034
bitcoin,2024-09-26,65069.996931185764
bitcoin,2024-09-27,65130.76889730757
bitcoin,2024-09-27,65257.84821753061
bitcoin,2024-09-27,65161.216740739495
bitcoin,2024-09-27,65001.916837761106
bitcoin,2024-09-27,65379.61458684698
bitcoin,2024-09-27,65324.10946330212
bitcoin,2024-09-27,65450.82150945821
bitcoin,2024-09-27,65377.60977075083
bitcoin,2024-09-27,65467.56135478949
bitcoin,2024-09-27,65743.28948854572
bitcoin,2024-09-27,65780.33592293535
bitcoin,2024-09-27,65552.91924229098
bitcoin,2024-09-27,65506.10948297404
bitcoin,2024-09-27,65732.40913835916
bitcoin,2024-09-27,65698.23958863805
bitcoin,2024-09-27,66236.29079707348
bitcoin,2024-09-27,66078.60645198142
bitcoin,2024-09-27,66304.16788396394
bitcoin,2024-09-27,65907.98103411353
bitcoin,2024-09-27,65939.14922858913
bitcoin,2024-09-27,65679.18518404018
bitcoin,2024-09-27,65800.61092989425
bitcoin,2024-09-27,65844.60693332016
bitcoin,2024-09-27,65884.02303004314
bitcoin,2024-09-28,65814.92513343158
bitcoin,2024-09-28,65866.28918042478
bitcoin,2024-09-28,65985.80791540285
bitcoin,2024-09-28,66179.30139362172
bitcoin,2024-09-28,66055.39256454223
bitcoin,2024-09-28,66002.01485251758
bitcoin,2024-09-28,65973.97555027081
bitcoin,2024-09-28,65819.48599511909
bitcoin,2024-09-28,65845.12292222944
bitcoin,2024-09-28,65648.5225463475
bitcoin,2024-09-28,65637.96021865046
bitcoin,2024-09-28,65797.79718639013
bitcoin,2024-09-28,65738.67193806835
bitcoin,2024-09-28,65549.73524812268
bitcoin,2024-09-28,65661.39356676763
bitcoin,2024-09-28,65697.49723301647
bitcoin,2024-09-28,65621.90910087393
bitcoin,2024-09-28,65537.09538589083
bitcoin,2024-09-28,65619.82551684372
bitcoin,2024-09-28,65718.62003092236
bitcoin,2024-09-28,65732.89730514001
bitcoin,2024-09-28,65689.00011937223
bitcoin,2024-09-28,65607.80630933864
bitcoin,2024-09-28,65703.24498884352
bitcoin,2024-09-29,65869.08869010779
bitcoin,2024-09-29,65753.42856477744
bitcoin,2024-09-29,65849.82181514482
bitcoin,2024-09-29,65784.3515787368
bitcoin,2024-09-29,65820.39595280106
bitcoin,2024-09-29,65753.77455822933
bitcoin,2024-09-29,65605.49316578607
bitcoin,2024-09-29,65495.73327312595
bitcoin,2024-09-29,65483.5766220925
bitcoin,2024-09-29,65572.91228582137
bitcoin,2024-09-29,65581.60377130368
bitcoin,2024-09-29,65597.09365064261
bitcoin,2024-09-29,65762.89489896805
bitcoin,2024-09-29,65635.49194243642
bitcoin,2024-09-29,65814.50773734815
bitcoin,2024-09-29,65636.22650367954
bitcoin,2024-09-29,65756.8496125422
bitcoin,2024-09-29,65802.63199782168
bitcoin,2024-09-29,65834.19396282289
bitcoin,2024-09-29,65810.72918645393
bitcoin,2024-09-29,65955.12768292298
bitcoin,2024-09-29,65828.7934295196
bitcoin,2024-09-29,65898.99855442859
bitcoin,2024-09-29,65586.45298542893
bitcoin,2024-09-30,65527.11644598126
bitcoin,2024-09-30,65463.51029871186
bitcoin,2024-09-30,64746.39422306732
bitcoin,2024-09-30,64396.475068537344
bitcoin,2024-09-30,64484.969411959624
bitcoin,2024-09-30,64433.83839159956
bitcoin,2024-09-30,64537.123463429336
bitcoin,2024-09-30,64349.82336854003
bitcoin,2024-09-30,64587.99699957813
bitcoin,2024-09-30,64318.776746778014
bitcoin,2024-09-30,63616.34230857029
bitcoin,2024-09-30,63568.17951393721
bitcoin,2024-09-30,63865.76587841092
bitcoin,2024-09-30,64022.25371999935
bitcoin,2024-09-30,63833.48490125871
bitcoin,2024-09-30,63748.92772707046
bitcoin,2024-09-30,63583.09984434522
bitcoin,2024-09-30,63486.25842123686
bitcoin,2024-09-30,63666.31684713173
bitcoin,2024-09-30,63449.59115410886
bitcoin,2024-09-30,63503.49356014067
bitcoin,2024-09-30,63791.957559365765
bitcoin,2024-09-30,63686.79515140152
bitcoin,2024-09-30,63469.3026729772
bitcoin,2024-10-01,63356.22260582781
bitcoin,2024-10-01,63501.74133444947
bitcoin,2024-10-01,63415.08962787346
bitcoin,2024-10-01,63412.18315733011
bitcoin,2024-10-01,63705.4811336735
bitcoin,2024-10-01,63757.081328592845
bitcoin,2024-10-01,63800.85417413033
bitcoin,2024-10-01,64004.68196367795
bitcoin,2024-10-01,64080.50178633876
bitcoin,2024-10-01,64004.08662239725
bitcoin,2024-10-01,63854.36636664453
bitcoin,2024-10-01,63914.18899810702
bitcoin,2024-10-01,63754.2937988693
bitcoin,2024-10-01,63662.60373432032
bitcoin,2024-10-01,62961.686718729194
bitcoin,2024-10-01,62599.76795365424
bitcoin,2024-10-01,62593.86156482709
bitcoin,2024-10-01,62427.029171520604
bitcoin,2024-10-01,62125.97948359865
bitcoin,2024-10-01,61956.825722575944
bitcoin,2024-10-01,61289.16593411256
bitcoin,2024-10-01,60773.960601536724
bitcoin,2024-10-01,60862.73712876756
bitcoin,2024-10-01,60791.99680016752
bitcoin,2024-10-02,60942.07896643237
bitcoin,2024-10-02,61001.31173991391
bitcoin,2024-10-02,61507.6161244618
bitcoin,2024-10-02,61750.7046005087
bitcoin,2024-10-02,61668.0154604511
bitcoin,2024-10-02,61470.54966687492
bitcoin,2024-10-02,61501.28335760069
bitcoin,2024-10-02,61614.35553203237
bitcoin,2024-10-02,61675.92913789715
bitcoin,2024-10-02,61729.57748038025
bitcoin,2024-10-02,61190.35950053192
bitcoin,2024-10-02,61293.74211108704
bitcoin,2024-10-02,61160.627929869916
bitcoin,2024-10-02,60873.64983332725
bitcoin,2024-10-02,61497.550438711194
bitcoin,2024-10-02,61390.5193746096
bitcoin,2024-10-02,61824.45506572675
bitcoin,2024-10-02,61625.15477143684
bitcoin,2024-10-02,61628.35209254788
bitcoin,2024-10-02,60821.807369266025
bitcoin,2024-10-02,60403.41735330646
bitcoin,2024-10-02,60896.05073328484
bitcoin,2024-10-02,60706.71696375759
bitcoin,2024-10-02,60787.27856276344
bitcoin,2024-10-03,60627.058180398446
bitcoin,2024-10-03,61116.952773807825
bitcoin,2024-10-03,60985.11168581431
bitcoin,2024-10-03,61126.91796468775
bitcoin,2024-10-03,61350.30877307984
bitcoin,2024-10-03,61309.02944358592
bitcoin,2024-10-03,61195.121773880295
bitcoin,2024-10-03,61333.19084795601
bitcoin,2024-10-03,60798.5663906038
bitcoin,2024-10-03,60255.395066532634
bitcoin,2024-10-03,60736.394429169755
bitcoin,2024-10-03,61038.40115605509
bitcoin,2024-10-03,60515.27472549693
bitcoin,2024-10-03,60476.171387359704
bitcoin,2024-10-03,60444.80078445414
bitcoin,2024-10-03,60047.21023056539
bitcoin,2024-10-03,60603.02736816297
bitcoin,2024-10-03,60114.29109780189
bitcoin,2024-10-03,60590.99061139087
bitcoin,2024-10-03,60578.342636079724
bitcoin,2024-10-03,61007.84632981549
bitcoin,2024-10-03,60603.79332990731
bitcoin,2024-10-03,60809.95797483321
bitcoin,2024-10-03,60888.677276841765
bitcoin,2024-10-04,60764.622319062924
bitcoin,2024-10-04,60507.363739362074
bitcoin,2024-10-04,61205.87676874549
bitcoin,2024-10-04,60922.44007317838
bitcoin,2024-10-04,61024.65291321176
bitcoin,2024-10-04,61022.732614198496
bitcoin,2024-10-04,61127.61876284449
bitcoin,2024-10-04,61124.400852567356
bitcoin,2024-10-04,61438.61955380302
bitcoin,2024-10-04,61452.881049157106
bitcoin,2024-10-04,61325.55145027494
bitcoin,2024-10-04,61283.407943760176
bitcoin,2024-10-04,61447.97523592585
bitcoin,2024-10-04,61783.04315946566
bitcoin,2024-10-04,61237.01884317701
bitcoin,2024-10-04,61181.16559921016
bitcoin,2024-10-04,61824.1609830765
bitcoin,2024-10-04,62330.25296863748
bitcoin,2024-10-04,61987.93935749957
bitcoin,2024-10-04,62335.022588537446
bitcoin,2024-10-04,62394.20409079485
bitcoin,2024-10-04,62365.29263794423
bitcoin,2024-10-04,62275.09651258334
bitcoin,2024-10-04,62022.47161965773
bitcoin,2024-10-05,62094.41334605943
bitcoin,2024-10-05,62119.13760016322
bitcoin,2024-10-05,61998.417167833686
bitcoin,2024-10-05,61796.61346195567
bitcoin,2024-10-05,61858.943006821515
bitcoin,2024-10-05,62017.72164133773
bitcoin,2024-10-05,62139.39575349718
bitcoin,2024-10-05,62218.77511592513
bitcoin,2024-10-05,62102.5384037539
bitcoin,2024-10-05,62156.44108601213
bitcoin,2024-10-05,62230.07343582251
bitcoin,2024-10-05,62213.386436766035
bitcoin,2024-10-05,62174.76483460754
bitcoin,2024-10-05,62307.202956879584
bitcoin,2024-10-05,62181.65898585698
bitcoin,2024-10-05,62190.24835476746
bitcoin,2024-10-05,62189.414556279655
bitcoin,2024-10-05,61926.72757293198
bitcoin,2024-10-05,62017.56963974981
bitcoin,2024-10-05,61868.52669264689
bitcoin,2024-10-05,61792.073086552715
bitcoin,2024-10-05,61764.447436375944
bitcoin,2024-10-05,61844.53865265087
bitcoin,2024-10-05,61991.285312837215
bitcoin,2024-10-06,61943.32059194136
bitcoin,2024-10-06,61903.8513984402
bitcoin,2024-10-06,62105.88392398104
bitcoin,2024-10-06,61972.5254215129
bitcoin,2024-10-06,61888.434969301474
bitcoin,2024-10-06,61875.00799886143
bitcoin,2024-10-06,61933.30315939685
bitcoin,2024-10-06,61973.5297577713
bitcoin,2024-10-06,61946.8783744096
bitcoin,2024-10-06,62003.40843463339
bitcoin,2024-10-06,62093.56057795135
bitcoin,2024-10-06,62048.074943959386
bitcoin,2024-10-06,62123.194078161265
bitcoin,2024-10-06,62349.66332186298
bitcoin,2024-10-06,62244.12526105943
bitcoin,2024-10-06,62755.45855679772
bitcoin,2024-10-06,62871.84184813987
bitcoin,2024-10-06,62627.05018877592
bitcoin,2024-10-06,62588.94927841031
bitcoin,2024-10-06,62723.80554302754
bitcoin,2024-10-06,62676.41666107724
bitcoin,2024-10-06,62606.86007773546
bitcoin,2024-10-06,62406.97353718698
bitcoin,2024-10-06,62621.04749989727
bitcoin,2024-10-07,62811.79972811266
bitcoin,2024-10-07,63759.38195914538
bitcoin,2024-10-07,63794.841444878955
bitcoin,2024-10-07,63696.77383180315
bitcoin,2024-10-07,63525.08325037221
bitcoin,2024-10-07,63514.738625121696
bitcoin,2024-10-07,63495.43691971516
bitcoin,2024-10-07,63713.00356537992
bitcoin,2024-10-07,63648.2069767685
bitcoin,2024-10-07,63541.10192342399
bitcoin,2024-10-07,63113.10760597776
bitcoin,2024-10-07,62631.53098985469
bitcoin,2024-10-07,63157.733006258815
bitcoin,2024-10-07,62897.07905064064
bitcoin,2024-10-07,63443.10023435226
bitcoin,2024-10-07,63642.317719867126
bitcoin,2024-10-07,63725.43470224901
bitcoin,2024-10-07,63774.543053742
bitcoin,2024-10-07,63495.11150191953
bitcoin,2024-10-07,62855.72967042333
bitcoin,2024-10-07,63280.38379462429
bitcoin,2024-10-07,62999.86075296318
bitcoin,2024-10-07,63231.15027084451
bitcoin,2024-10-07,62301.390271974175
bitcoin,2024-10-08,62211.234201259
bitcoin,2024-10-08,62578.36615233839
bitcoin,2024-10-08,62708.74898406302
bitcoin,2024-10-08,62716.36879880969
bitcoin,2024-10-08,62656.663066193934
bitcoin,2024-10-08,62609.25214527036
bitcoin,2024-10-08,62424.62240664154
bitcoin,2024-10-08,62479.231973519934
bitcoin,2024-10-08,62240.6083876244
bitcoin,2024-10-08,62384.34904441377
bitcoin,2024-10-08,62560.61441012541
bitcoin,2024-10-08,62514.66233700978
bitcoin,2024-10-08,62604.096795218546
bitcoin,2024-10-08,62504.51859636706
bitcoin,2024-10-08,62770.26425664377
bitcoin,2024-10-08,62766.14682170429
bitcoin,2024-10-08,62152.158564241465
bitcoin,2024-10-08,62525.15635385936
bitcoin,2024-10-08,62331.602816503626
bitcoin,2024-10-08,61963.1594430075
bitcoin,2024-10-08,62121.59452794766
bitcoin,2024-10-08,62325.37670520698
bitcoin,2024-10-08,62373.092674608226
bitcoin,2024-10-08,62105.27060195742
bitcoin,2024-10-09,62185.230423727575
bitcoin,2024-10-09,62115.919752113165
bitcoin,2024-10-09,62299.981991661436
bitcoin,2024-10-09,62272.6586800959
bitcoin,2024-10-09,62334.18871429603
bitcoin,2024-10-09,62307.406121183434
bitcoin,2024-10-09,62490.39392748502
bitcoin,2024-10-09,62301.0120009861
bitcoin,2024-10-09,62228.21482411327
bitcoin,2024-10-09,62199.03458257609
bitcoin,2024-10-09,62222.525571365324
bitcoin,2024-10-09,62135.36928631705
bitcoin,2024-10-09,62144.517600515544
bitcoin,2024-10-09,61979.063023858784
bitcoin,2024-10-09,61843.712560203414
bitcoin,2024-10-09,61935.669410618335
bitcoin,2024-10-09,62273.12429552298
bitcoin,2024-10-09,61752.45976427412
bitcoin,2024-10-09,61786.15413301724
bitcoin,2024-10-09,61117.826773189954
bitcoin,2024-10-09,61045.573897756294
bitcoin,2024-10-09,60486.87709708697
bitcoin,2024-10-09,60743.1844472768
bitcoin,2024-10-09,60648.86752390266
bitcoin,2024-10-10,60583.12205498274
bitcoin,2024-10-10,60388.16814788513
bitcoin,2024-10-10,60749.228818156014
bitcoin,2024-10-10,60807.96354622658
bitcoin,2024-10-10,60806.83687955058
bitcoin,2024-10-10,60823.19050349816
bitcoin,2024-10-10,60868.330109499504
bitcoin,2024-10-10,61039.07191204449
bitcoin,2024-10-10,60816.45760075644
bitcoin,2024-10-10,60832.721359226955
bitcoin,2024-10-10,60873.383443728606
bitcoin,2024-10-10,60998.011914516894
bitcoin,2024-10-10,61226.55340601267
bitcoin,2024-10-10,60966.09545988984
bitcoin,2024-10-10,61004.33428392234
bitcoin,2024-10-10,60725.75258509342
bitcoin,2024-10-10,60749.31433413257
bitcoin,2024-10-10,59946.32257559109
bitcoin,2024-10-10,59019.105152188844
bitcoin,2024-10-10,59448.19518772974
bitcoin,2024-10-10,59858.81528931067
bitcoin,2024-10-10,59648.4874804161
bitcoin,2024-10-10,59978.609247005
bitcoin,2024-10-10,60097.42054824134
bitcoin,2024-10-11,60274.14830381827
bitcoin,2024-10-11,60138.20314704477
bitcoin,2024-10-11,60401.86308358801
bitcoin,2024-10-11,60654.95117619428
bitcoin,2024-10-11,60582.95352143313
bitcoin,2024-10-11,60646.498268602045
bitcoin,2024-10-11,60580.28619641105
bitcoin,2024-10-11,60857.11327929529
bitcoin,2024-10-11,60637.25054969195
bitcoin,2024-10-11,60683.149779899
bitcoin,2024-10-11,61135.8410866515
bitcoin,2024-10-11,61151.39726054673
bitcoin,2024-10-11,61216.421357271196
bitcoin,2024-10-11,61337.80870418161
bitcoin,2024-10-11,61892.85330654469
bitcoin,2024-10-11,61993.101686224276
bitcoin,2024-10-11,62305.8826676622
bitcoin,2024-10-11,62258.78126639044
bitcoin,2024-10-11,62924.80345494198
bitcoin,2024-10-11,62897.152322775866
bitcoin,2024-10-11,62967.264978789135
bitcoin,2024-10-11,63123.36372364698
bitcoin,2024-10-11,62735.89700746058
bitcoin,2024-10-11,62434.984206254376
bitcoin,2024-10-12,62557.09837051421
bitcoin,2024-10-12,62925.3019618285
bitcoin,2024-10-12,62699.07996098267
bitcoin,2024-10-12,62536.38746032396
bitcoin,2024-10-12,62599.19906424621
bitcoin,2024-10-12,62575.01469832429
bitcoin,2024-10-12,62718.58723292522
bitcoin,2024-10-12,62644.88869994593
bitcoin,2024-10-12,62719.13459755654
bitcoin,2024-10-12,62697.6510466996
bitcoin,2024-10-12,62834.459227628395
ethereum,2024-09-12,2352.952429623129
ethereum,2024-09-12,2346.3530986905307
ethereum,2024-09-12,2347.8930499409375
ethereum,2024-09-12,2340.460219671632
ethereum,2024-09-12,2357.1426717059226
ethereum,2024-09-12,2322.7849148569308
ethereum,2024-09-12,2334.438669847034
ethereum,2024-09-12,2339.2615510293845
ethereum,2024-09-12,2349.417046859015
ethereum,2024-09-12,2350.0499824340454
ethereum,2024-09-12,2354.464791399135
ethereum,2024-09-12,2344.552715220868
ethereum,2024-09-12,2352.6971393369913
ethereum,2024-09-12,2364.177126006527
ethereum,2024-09-13,2362.300238174588
ethereum,2024-09-13,2354.146531981623
ethereum,2024-09-13,2360.809945108271
ethereum,2024-09-13,2358.2539781878004
ethereum,2024-09-13,2358.8563213744205
ethereum,2024-09-13,2351.5798464312525
ethereum,2024-09-13,2347.1797194029996
ethereum,2024-09-13,2339.545925057166
ethereum,2024-09-13,2350.418795558534
ethereum,2024-09-13,2343.7319949154985
ethereum,2024-09-13,2354.512848966081
ethereum,2024-09-13,2369.391204299915
ethereum,2024-09-13,2356.015046513048
ethereum,2024-09-13,2350.7591395416084
ethereum,2024-09-13,2370.0078278690416
ethereum,2024-09-13,2372.963647066235
ethereum,2024-09-13,2409.560016594712
ethereum,2024-09-13,2413.0777751451815
ethereum,2024-09-13,2411.284316760366
ethereum,2024-09-13,2420.3922580546305
ethereum,2024-09-13,2417.0893124003705
ethereum,2024-09-13,2422.536019711783
ethereum,2024-09-13,2453.8090574194302
ethereum,2024-09-13,2445.231432451212
ethereum,2024-09-14,2445.08621032297
ethereum,2024-09-14,2435.7466285258847
ethereum,2024-09-14,2428.7682672520014
ethereum,2024-09-14,2430.2880950140384
ethereum,2024-09-14,2432.580369735375
ethereum,2024-09-14,2427.2181585413637
ethereum,2024-09-14,2419.879474955625
ethereum,2024-09-14,2418.0502009604857
ethereum,2024-09-14,2420.304061881166
ethereum,2024-09-14,2417.4416972920662
ethereum,2024-09-14,2416.7220229669283
ethereum,2024-09-14,2413.1907309289463
ethereum,2024-09-14,2421.8781180178157
ethereum,2024-09-14,2422.187671521977
ethereum,2024-09-14,2417.8442979874453
ethereum,2024-09-14,2419.9895784934542
ethereum,2024-09-14,2418.953071525134
ethereum,2024-09-14,2414.7030664428935
ethereum,2024-09-14,2397.0906379756975
ethereum,2024-09-14,2405.5428160047213
ethereum,2024-09-14,2409.8069808458645
ethereum,2024-09-14,2417.730260525322
ethereum,2024-09-14,2414.4147177106183
ethereum,2024-09-14,2417.982112902226
ethereum,2024-09-15,2418.643457299118
ethereum,2024-09-15,2423.472365955501
ethereum,2024-09-15,2423.116082287367
ethereum,2024-09-15,2425.3446457084765
ethereum,2024-09-15,2422.4015819265715
ethereum,2024-09-15,2420.577620065825
ethereum,2024-09-15,2420.4877980436445
ethereum,2024-09-15,2421.1666410909966
ethereum,2024-09-15,2423.139072853265
ethereum,2024-09-15,2413.282990973001
ethereum,2024-09-15,2411.6374235564103
ethereum,2024-09-15,2407.2213711990653
ethereum,2024-09-15,2406.7188406017776
ethereum,2024-09-15,2416.212216561359
ethereum,2024-09-15,2405.117069787849
ethereum,2024-09-15,2410.016077244529
ethereum,2024-09-15,2402.7702557605894
ethereum,2024-09-15,2385.9511519141893
ethereum,2024-09-15,2381.550262033528
ethereum,2024-09-15,2387.688579413002
ethereum,2024-09-15,2364.7344877452747
ethereum,2024-09-15,2354.4499474781223
ethereum,2024-09-15,2346.3252930362737
ethereum,2024-09-15,2319.3125532597946
ethereum,2024-09-16,2314.781449633088
ethereum,2024-09-16,2288.288589912339
ethereum,2024-09-16,2276.7358102155035
ethereum,2024-09-16,2273.0448626376074
ethereum,2024-09-16,2277.5311030392495
ethereum,2024-09-16,2289.6540890197152
ethereum,2024-09-16,2294.160203733202
ethereum,2024-09-16,2291.707991825474
ethereum,2024-09-16,2307.801196415271
ethereum,2024-09-16,2317.556492315507
ethereum,2024-09-16,2297.754182902468
ethereum,2024-09-16,2302.466398915655
ethereum,2024-09-16,2311.448146225375
ethereum,2024-09-16,2300.2252419036927
ethereum,2024-09-16,2295.238640339523
ethereum,2024-09-16,2292.995931487262
ethereum,2024-09-16,2288.0306881092533
ethereum,2024-09-16,2278.086243040641
ethereum,2024-09-16,2301.194592060231
ethereum,2024-09-16,2290.2756360020726
ethereum,2024-09-16,2283.3823964769044
ethereum,2024-09-16,2271.0833341412863
ethereum,2024-09-16,2286.956374447981
ethereum,2024-09-16,2290.8686133477067
ethereum,2024-09-17,2295.077114071959
ethereum,2024-09-17,2267.977831013024
ethereum,2024-09-17,2280.396128586437
ethereum,2024-09-17,2285.714054886767
ethereum,2024-09-17,2285.0219519609477
ethereum,2024-09-17,2290.3858610903067
ethereum,2024-09-17,2297.782643425225
ethereum,2024-09-17,2301.8810242932527
ethereum,2024-09-17,2313.2280679549053
ethereum,2024-09-17,2303.5954143764448
ethereum,2024-09-17,2309.823402876828
ethereum,2024-09-17,2310.7946879276556
ethereum,2024-09-17,2313.1533326054882
ethereum,2024-09-17,2320.9387899798817
ethereum,2024-09-17,2319.407940583254
ethereum,2024-09-17,2366.180610715478
ethereum,2024-09-17,2388.378523003088
ethereum,2024-09-17,2364.522363439704
ethereum,2024-09-17,2366.7267757788636
ethereum,2024-09-17,2350.632133517035
ethereum,2024-09-17,2355.166714170604
ethereum,2024-09-17,2349.461289111052
ethereum,2024-09-17,2343.52246678244
ethereum,2024-09-17,2332.9888789270485
ethereum,2024-09-18,2334.795466040432
ethereum,2024-09-18,2321.7908906829075
ethereum,2024-09-18,2329.2484343584165
ethereum,2024-09-18,2334.3387742924206
ethereum,2024-09-18,2333.911369786282
ethereum,2024-09-18,2320.3277343074437
ethereum,2024-09-18,2325.538108031109
ethereum,2024-09-18,2328.266835329634
ethereum,2024-09-18,2324.4481981253125
ethereum,2024-09-18,2318.1898548770564
ethereum,2024-09-18,2298.5310517679363
ethereum,2024-09-18,2309.4816008521016
ethereum,2024-09-18,2303.375968215071
ethereum,2024-09-18,2307.7334181656215
ethereum,2024-09-18,2294.4079519693946
ethereum,2024-09-18,2297.446310298391
ethereum,2024-09-18,2297.6888010891566
ethereum,2024-09-18,2293.3013152516937
ethereum,2024-09-18,2317.2384233196317
ethereum,2024-09-18,2332.1082349971525
ethereum,2024-09-18,2312.3370586857486
ethereum,2024-09-18,2334.0533296811454
ethereum,2024-09-18,2341.5940135550695
ethereum,2024-09-18,2353.444475824165
ethereum,2024-09-19,2383.32145042435
ethereum,2024-09-19,2383.0138103206
ethereum,2024-09-19,2387.1209092078843
ethereum,2024-09-19,2399.949394782518
ethereum,2024-09-19,2401.2563547470313
ethereum,2024-09-19,2415.8356703614654
ethereum,2024-09-19,2406.5976251857815
ethereum,2024-09-19,2422.9657146864542
ethereum,2024-09-19,2436.022502222161
ethereum,2024-09-19,2438.077943578679
ethereum,2024-09-19,2436.3542149129134
ethereum,2024-09-19,2426.665516225298
ethereum,2024-09-19,2438.874194128184
ethereum,2024-09-19,2436.9018454638176
ethereum,2024-09-19,2437.5739205945024
ethereum,2024-09-19,2431.200236762336
ethereum,2024-09-19,2446.1449191993306
ethereum,2024-09-19,2482.4427247674394
ethereum,2024-09-19,2476.6531184604764
ethereum,2024-09-19,2467.268879780837
ethereum,2024-09-19,2464.8828398348487
ethereum,2024-09-19,2462.806645394781
ethereum,2024-09-19,2459.6356317436366
ethereum,2024-09-19,2473.105547982934
ethereum,2024-09-20,2458.8347967450027
ethereum,2024-09-20,2445.230884857441
ethereum,2024-09-20,2452.37818915279
ethereum,2024-09-20,2459.971684168757
ethereum,2024-09-20,2526.2296716132178
ethereum,2024-09-20,2548.5640552701893
ethereum,2024-09-20,2540.2485620993466
ethereum,2024-09-20,2562.807430727216
ethereum,2024-09-20,2551.877423780216
ethereum,2024-09-20,2549.8468870800084
ethereum,2024-09-20,2543.146628705105
ethereum,2024-09-20,2551.0285492927446
ethereum,2024-09-20,2546.4358464807974
ethereum,2024-09-20,2541.7073988473685
ethereum,2024-09-20,2545.7924097326254
ethereum,2024-09-20,2542.94992182794
ethereum,2024-09-20,2560.151541085397
ethereum,2024-09-20,2548.631237827251
ethereum,2024-09-20,2524.0530199167606
ethereum,2024-09-20,2545.1267637002247
ethereum,2024-09-20,2540.3410750861212
ethereum,2024-09-20,2548.381140002408
ethereum,2024-09-20,2549.8859946827465
ethereum,2024-09-20,2548.463929589242
ethereum,2024-09-21,2559.236680178645
ethereum,2024-09-21,2564.3111215479116
ethereum,2024-09-21,2537.5676835974887
ethereum,2024-09-21,2546.607562136472
ethereum,2024-09-21,2544.3525266667966
ethereum,2024-09-21,2542.4615114222643
ethereum,2024-09-21,2551.5352969068263
ethereum,2024-09-21,2552.708437977828
ethereum,2024-09-21,2552.6357626892636
ethereum,2024-09-21,2549.2185335749696
ethereum,2024-09-21,2553.213237662063
ethereum,2024-09-21,2550.7475714514594
ethereum,2024-09-21,2555.2310406932866
ethereum,2024-09-21,2563.505487906928
ethereum,2024-09-21,2570.2158612242065
ethereum,2024-09-21,2557.275165836981
ethereum,2024-09-21,2567.0429585091715
ethereum,2024-09-21,2568.9545897667726
ethereum,2024-09-21,2568.9091273187246
ethereum,2024-09-21,2576.8199244632883
ethereum,2024-09-21,2570.8015299825724
ethereum,2024-09-21,2565.8169808225903
ethereum,2024-09-21,2563.506240355935
ethereum,2024-09-21,2588.726101000788
ethereum,2024-09-22,2617.1100818452655
ethereum,2024-09-22,2612.7540848362987
ethereum,2024-09-22,2598.3364943278107
ethereum,2024-09-22,2602.3871618982967
ethereum,2024-09-22,2596.912120563344
ethereum,2024-09-22,2587.377444347787
ethereum,2024-09-22,2587.5096906187396
ethereum,2024-09-22,2583.427460475254
ethereum,2024-09-22,2590.8929701311604
ethereum,2024-09-22,2587.6655471064655
ethereum,2024-09-22,2579.4503592330275
ethereum,2024-09-22,2579.9810031473544
ethereum,2024-09-22,2584.51512260861
ethereum,2024-09-22,2581.9693385506303
ethereum,2024-09-22,2568.2169608317167
ethereum,2024-09-22,2566.288132098154
ethereum,2024-09-22,2565.335204393325
ethereum,2024-09-22,2582.624630667906
ethereum,2024-09-22,2577.1750298263173
ethereum,2024-09-22,2574.394222911556
ethereum,2024-09-22,2580.7819065410395
ethereum,2024-09-22,2576.909959785869
ethereum,2024-09-22,2538.279137154163
ethereum,2024-09-22,2589.3027120532483
ethereum,2024-09-23,2565.5951969951584
ethereum,2024-09-23,2605.238779721407
ethereum,2024-09-23,2616.1777966093227
ethereum,2024-09-23,2672.3559896242805
ethereum,2024-09-23,2671.6991741456127
ethereum,2024-09-23,2658.7545310346
ethereum,2024-09-23,2655.014190360499
ethereum,2024-09-23,2655.0331167388317
ethereum,2024-09-23,2641.4171461031206
ethereum,2024-09-23,2650.2801465621674
ethereum,2024-09-23,2654.365004448658
ethereum,2024-09-23,2648.6429103610435
ethereum,2024-09-23,2642.7370359363013
ethereum,2024-09-23,2648.949780911357
ethereum,2024-09-23,2645.872649677594
ethereum,2024-09-23,2652.8389559918396
ethereum,2024-09-23,2684.1620620153653
ethereum,2024-09-23,2665.3837941931583
ethereum,2024-09-23,2674.519197265284
ethereum,2024-09-23,2676.6743527633
ethereum,2024-09-23,2670.315822456998
ethereum,2024-09-23,2665.7501213331466
ethereum,2024-09-23,2653.4924672289685
ethereum,2024-09-23,2652.7474870704104
ethereum,2024-09-24,2648.5946731531885
ethereum,2024-09-24,2628.0665319812506
ethereum,2024-09-24,2620.187197587335
ethereum,2024-09-24,2619.2874806545506
ethereum,2024-09-24,2623.040378808585
ethereum,2024-09-24,2623.2607603873776
ethereum,2024-09-24,2636.5992030881966
ethereum,2024-09-24,2648.685464661091
ethereum,2024-09-24,2649.528383715929
ethereum,2024-09-24,2653.4702529415063
ethereum,2024-09-24,2647.280844132075
ethereum,2024-09-24,2639.091947521109
ethereum,2024-09-24,2636.0867026014143
ethereum,2024-09-24,2638.5988711302457
ethereum,2024-09-24,2613.650968262998
ethereum,2024-09-24,2610.0149173359705
ethereum,2024-09-24,2612.7975102089595
ethereum,2024-09-24,2634.7119597404367
ethereum,2024-09-24,2651.6502805639793
ethereum,2024-09-24,2640.345169137445
ethereum,2024-09-24,2653.354442538145
ethereum,2024-09-24,2650.148186425874
ethereum,2024-09-24,2661.3001705696006
ethereum,2024-09-24,2672.0437061498005
ethereum,2024-09-25,2645.107761832329
ethereum,2024-09-25,2640.843780755598
ethereum,2024-09-25,2643.284265833644
ethereum,2024-09-25,2648.035020584558
ethereum,2024-09-25,2646.5742168807465
ethereum,2024-09-25,2628.4627457593497
ethereum,2024-09-25,2622.7396934877675
ethereum,2024-09-25,2620.327423200235
ethereum,2024-09-25,2622.0406429145833
ethereum,2024-09-25,2625.2258237680444
ethereum,2024-09-25,2619.00186798313
ethereum,2024-09-25,2620.573291223435
ethereum,2024-09-25,2623.7075105654058
ethereum,2024-09-25,2615.0639185910054
ethereum,2024-09-25,2625.0826713540987
ethereum,2024-09-25,2626.542679602785
ethereum,2024-09-25,2599.117301472194
ethereum,2024-09-25,2596.596823892031
ethereum,2024-09-25,2576.323218971839
ethereum,2024-09-25,2581.7812210599946
ethereum,2024-09-25,2578.157924541198
ethereum,2024-09-25,2582.3435906380796
ethereum,2024-09-25,2579.315601435421
ethereum,2024-09-25,2573.0303158199577
ethereum,2024-09-26,2585.8756560438305
ethereum,2024-09-26,2566.002403617132
ethereum,2024-09-26,2592.8535080651163
ethereum,2024-09-26,2596.088135967549
ethereum,2024-09-26,2600.744850935053
ethereum,2024-09-26,2593.444002790129
ethereum,2024-09-26,2619.6994637901967
ethereum,2024-09-26,2614.9402447537013
ethereum,2024-09-26,2625.5639461279957
ethereum,2024-09-26,2615.154664014753
ethereum,2024-09-26,2619.1083935019424
ethereum,2024-09-26,2629.685649923971
ethereum,2024-09-26,2623.181239151864
ethereum,2024-09-26,2627.451045801731
ethereum,2024-09-26,2624.944102439298
ethereum,2024-09-26,2638.148873533517
ethereum,2024-09-26,2647.5277517977306
ethereum,2024-09-26,2648.487888194885
ethereum,2024-09-26,2631.862732010474
ethereum,2024-09-26,2654.8139181760407
ethereum,2024-09-26,2651.40484018994
ethereum,2024-09-26,2641.4109293079987
ethereum,2024-09-26,2639.7320883866328
ethereum,2024-09-26,2631.6387283537106
ethereum,2024-09-27,2637.9256923224825
ethereum,2024-09-27,2640.419845525457
ethereum,2024-09-27,2627.574878624601
ethereum,2024-09-27,2623.883942559668
ethereum,2024-09-27,2639.1213814836187
ethereum,2024-09-27,2646.9769835941265
ethereum,2024-09-27,2654.6147963061835
ethereum,2024-09-27,2659.547749616564
ethereum,2024-09-27,2660.262286094436
ethereum,2024-09-27,2669.431459169813
ethereum,2024-09-27,2653.392227240949
ethereum,2024-09-27,2647.5788161717237
ethereum,2024-09-27,2652.3745280751723
ethereum,2024-09-27,2659.0871781336295
ethereum,2024-09-27,2664.07582835679
ethereum,2024-09-27,2687.135854184725
ethereum,2024-09-27,2686.60030203321
ethereum,2024-09-27,2718.2954548323414
ethereum,2024-09-27,2697.4157525315723
ethereum,2024-09-27,2703.584057380573
ethereum,2024-09-27,2698.3993133552667
ethereum,2024-09-27,2691.7018571800854
ethereum,2024-09-27,2693.6043533848756
ethereum,2024-09-27,2706.4266779692093
ethereum,2024-09-28,2696.244854307686
ethereum,2024-09-28,2696.36225660925
ethereum,2024-09-28,2693.0797275131163
ethereum,2024-09-28,2701.1265812800852
ethereum,2024-09-28,2689.862848093476
ethereum,2024-09-28,2693.4634782855724
ethereum,2024-09-28,2685.9364226085927
ethereum,2024-09-28,2682.9132075901393
ethereum,2024-09-28,2679.210921386728
ethereum,2024-09-28,2664.122317607294
ethereum,2024-09-28,2669.558618841407
ethereum,2024-09-28,2675.412023798062
ethereum,2024-09-28,2676.1359869246457
ethereum,2024-09-28,2659.503650475992
ethereum,2024-09-28,2669.5191379149974
ethereum,2024-09-28,2672.085858320956
ethereum,2024-09-28,2671.0838643647908
ethereum,2024-09-28,2665.414570988105
ethereum,2024-09-28,2679.867288106634
ethereum,2024-09-28,2677.3291801677365
ethereum,2024-09-28,2678.131893575375
ethereum,2024-09-28,2676.588728718247
ethereum,2024-09-28,2667.387221815204
ethereum,2024-09-28,2675.599639943611
ethereum,2024-09-29,2676.829980419685
ethereum,2024-09-29,2671.695827711162
ethereum,2024-09-29,2675.077262814917
ethereum,2024-09-29,2673.5744591975817
ethereum,2024-09-29,2675.396299072699
ethereum,2024-09-29,2670.69998775286
ethereum,2024-09-29,2666.0886955389597
ethereum,2024-09-29,2650.7540243918284
ethereum,2024-09-29,2640.0249594272395
ethereum,2024-09-29,2649.7569541199323
ethereum,2024-09-29,2647.802799967616
ethereum,2024-09-29,2647.0481864168387
ethereum,2024-09-29,2656.336840190154
ethereum,2024-09-29,2649.3485723793387
ethereum,2024-09-29,2654.7393532202323
ethereum,2024-09-29,2652.100029959942
ethereum,2024-09-29,2666.154798134778
ethereum,2024-09-29,2666.01974704452
ethereum,2024-09-29,2662.9862296192796
ethereum,2024-09-29,2664.531864116188
ethereum,2024-09-29,2666.2740548480947
ethereum,2024-09-29,2660.9113121288347
ethereum,2024-09-29,2666.5094753058797
ethereum,2024-09-29,2653.3177686802524
ethereum,2024-09-30,2654.9678161055335
ethereum,2024-09-30,2648.59911467988
ethereum,2024-09-30,2615.084418189928
ethereum,2024-09-30,2606.9234369309142
ethereum,2024-09-30,2628.280741766992
ethereum,2024-09-30,2627.992348870968
ethereum,2024-09-30,2636.711827075614
ethereum,2024-09-30,2631.8209404398067
ethereum,2024-09-30,2639.33719321244
ethereum,2024-09-30,2642.286469146321
ethereum,2024-09-30,2610.758150704384
ethereum,2024-09-30,2605.3088086486127
ethereum,2024-09-30,2630.056854591106
ethereum,2024-09-30,2632.5104713009828
ethereum,2024-09-30,2623.8818094658773
ethereum,2024-09-30,2610.981398715544
ethereum,2024-09-30,2602.54113032908
ethereum,2024-09-30,2604.2133733008577
ethereum,2024-09-30,2606.7959373465696
ethereum,2024-09-30,2590.1017322635103
ethereum,2024-09-30,2597.442388319733
ethereum,2024-09-30,2614.185245177309
ethereum,2024-09-30,2609.544702334794
ethereum,2024-09-30,2601.8365300071387
ethereum,2024-10-01,2601.9710163061413
ethereum,2024-10-01,2620.9985007024848
ethereum,2024-10-01,2620.1870631267325
ethereum,2024-10-01,2617.9878564528335
ethereum,2024-10-01,2629.4680703272174
ethereum,2024-10-01,2640.2620717209893
ethereum,2024-10-01,2641.1450501224876
ethereum,2024-10-01,2649.961397431091
ethereum,2024-10-01,2645.6433329431534
ethereum,2024-10-01,2643.159361846843
ethereum,2024-10-01,2635.177283663214
ethereum,2024-10-01,2639.3375165752536
ethereum,2024-10-01,2630.347069004781
ethereum,2024-10-01,2622.358202318232
ethereum,2024-10-01,2575.4016121096256
ethereum,2024-10-01,2548.1170935414602
ethereum,2024-10-01,2521.900983669551
ethereum,2024-10-01,2508.5029259983494
ethereum,2024-10-01,2506.2882454839687
ethereum,2024-10-01,2498.0691332677825
ethereum,2024-10-01,2487.699756605849
ethereum,2024-10-01,2450.283296292588
ethereum,2024-10-01,2469.8987983849574
ethereum,2024-10-01,2452.5444328900016
ethereum,2024-10-02,2454.653087877382
ethereum,2024-10-02,2460.9350894739773
ethereum,2024-10-02,2479.1478952646876
ethereum,2024-10-02,2491.8919568055117
ethereum,2024-10-02,2486.55711849454
ethereum,2024-10-02,2484.963317287075
ethereum,2024-10-02,2479.7715239594504
ethereum,2024-10-02,2485.682107797904
ethereum,2024-10-02,2479.437804131494
ethereum,2024-10-02,2479.7168399083234
ethereum,2024-10-02,2451.1609803223623
ethereum,2024-10-02,2450.1635082942607
ethereum,2024-10-02,2453.6929092459236
ethereum,2024-10-02,2431.2988802723207
ethereum,2024-10-02,2456.361960716251
ethereum,2024-10-02,2442.7407403638235
ethereum,2024-10-02,2476.4961304346475
ethereum,2024-10-02,2447.570066036096
ethereum,2024-10-02,2447.3562267201733
ethereum,2024-10-02,2390.895477771293
ethereum,2024-10-02,2371.0831780132066
ethereum,2024-10-02,2374.890434840665
ethereum,2024-10-02,2373.927053017633
ethereum,2024-10-02,2378.826124978803
ethereum,2024-10-03,2365.098573119062
ethereum,2024-10-03,2371.5293491812063
ethereum,2024-10-03,2390.1422365496865
ethereum,2024-10-03,2387.073173231055
ethereum,2024-10-03,2395.6486949006508
ethereum,2024-10-03,2393.6304176725553
ethereum,2024-10-03,2385.6200071755306
ethereum,2024-10-03,2388.92997621545
ethereum,2024-10-03,2364.371514666301
ethereum,2024-10-03,2336.804981705637
ethereum,2024-10-03,2354.00854721071
ethereum,2024-10-03,2368.8923054784627
ethereum,2024-10-03,2352.6429554867113
ethereum,2024-10-03,2353.2612725948175
ethereum,2024-10-03,2361.823843046345
ethereum,2024-10-03,2315.8355715762277
ethereum,2024-10-03,2340.9634025442374
ethereum,2024-10-03,2322.378650189693
ethereum,2024-10-03,2342.7162983111
ethereum,2024-10-03,2343.867298145436
ethereum,2024-10-03,2352.813358844424
ethereum,2024-10-03,2334.9552469253094
ethereum,2024-10-03,2350.7217955476926
ethereum,2024-10-03,2351.6078535188826
ethereum,2024-10-04,2350.731987971212
ethereum,2024-10-04,2344.7250604828255
ethereum,2024-10-04,2378.204622146016
ethereum,2024-10-04,2364.9008175103945
ethereum,2024-10-04,2369.460915410936
ethereum,2024-10-04,2373.3782062138325
ethereum,2024-10-04,2380.4309635341842
ethereum,2024-10-04,2377.8254164671416
ethereum,2024-10-04,2381.3953338713036
ethereum,2024-10-04,2381.7231279566276
ethereum,2024-10-04,2379.0837534697243
ethereum,2024-10-04,2375.7787653822093
ethereum,2024-10-04,2385.3159746138385
ethereum,2024-10-04,2391.0754876251085
ethereum,2024-10-04,2372.8381399261866
ethereum,2024-10-04,2365.4558866654143
ethereum,2024-10-04,2416.8282325335526
ethereum,2024-10-04,2436.9108146283434
ethereum,2024-10-04,2412.679541311702
ethereum,2024-10-04,2431.0176296269706
ethereum,2024-10-04,2429.8143835586507
ethereum,2024-10-04,2428.4899625831436
ethereum,2024-10-04,2425.064654598827
ethereum,2024-10-04,2414.471255441483
ethereum,2024-10-05,2418.833771971507
ethereum,2024-10-05,2423.147751575476
ethereum,2024-10-05,2418.2675535247245
ethereum,2024-10-05,2397.279221107032
ethereum,2024-10-05,2400.1263962727417
ethereum,2024-10-05,2406.7525832488222
ethereum,2024-10-05,2417.612433321223
ethereum,2024-10-05,2425.615241752977
ethereum,2024-10-05,2416.2476613393287
ethereum,2024-10-05,2419.397068771761
ethereum,2024-10-05,2424.187986427252
ethereum,2024-10-05,2421.9792743014154
ethereum,2024-10-05,2419.9344322039706
ethereum,2024-10-05,2421.074649439729
ethereum,2024-10-05,2409.4147343578993
ethereum,2024-10-05,2412.888574772117
ethereum,2024-10-05,2413.9804997945766
ethereum,2024-10-05,2404.558812168248
ethereum,2024-10-05,2409.830540012321
ethereum,2024-10-05,2401.929017460484
ethereum,2024-10-05,2395.0094796640815
ethereum,2024-10-05,2394.569927042445
ethereum,2024-10-05,2407.498272157729
ethereum,2024-10-05,2416.9408054381374
ethereum,2024-10-06,2415.4038137445546
ethereum,2024-10-06,2409.539025120216
ethereum,2024-10-06,2420.9175692351423
ethereum,2024-10-06,2415.934381473785
ethereum,2024-10-06,2413.5656038166712
ethereum,2024-10-06,2414.704806944779
ethereum,2024-10-06,2417.0181724776894
ethereum,2024-10-06,2415.445448921813
ethereum,2024-10-06,2417.1709225943237
ethereum,2024-10-06,2421.0975656568176
ethereum,2024-10-06,2421.4722843358795
ethereum,2024-10-06,2419.8415796172812
ethereum,2024-10-06,2428.76280821791
ethereum,2024-10-06,2434.9179515229284
ethereum,2024-10-06,2427.5627898874463
ethereum,2024-10-06,2449.00312790439
ethereum,2024-10-06,2452.0548915203476
ethereum,2024-10-06,2436.4256895703165
ethereum,2024-10-06,2440.968308752675
ethereum,2024-10-06,2452.0499228866825
ethereum,2024-10-06,2441.892009488727
ethereum,2024-10-06,2438.333530119294
ethereum,2024-10-06,2422.406338379055
ethereum,2024-10-06,2432.3071209657232
ethereum,2024-10-07,2439.5746280764088
ethereum,2024-10-07,2490.7034214686405
ethereum,2024-10-07,2503.9315194501787
ethereum,2024-10-07,2503.2263265748943
ethereum,2024-10-07,2498.6528140746086
ethereum,2024-10-07,2486.9406255415215
ethereum,2024-10-07,2484.610515629629
ethereum,2024-10-07,2490.539049962548
ethereum,2024-10-07,2487.282773449798
ethereum,2024-10-07,2481.81024325608
ethereum,2024-10-07,2453.3619458862863
ethereum,2024-10-07,2438.821694401438
ethereum,2024-10-07,2469.185799423899
ethereum,2024-10-07,2466.6651046071524
ethereum,2024-10-07,2476.4897328255174
ethereum,2024-10-07,2484.0944436899204
ethereum,2024-10-07,2476.116632281472
ethereum,2024-10-07,2475.1521285222034
ethereum,2024-10-07,2462.3717525951815
ethereum,2024-10-07,2440.96568517788
ethereum,2024-10-07,2444.7119429338745
ethereum,2024-10-07,2439.882357861578
ethereum,2024-10-07,2452.9821455579686
ethereum,2024-10-07,2419.7161664685555
ethereum,2024-10-08,2428.938061511157
ethereum,2024-10-08,2437.0721499568326
ethereum,2024-10-08,2437.287163510799
ethereum,2024-10-08,2441.1394790189015
ethereum,2024-10-08,2438.8070191086954
ethereum,2024-10-08,2433.1334880736104
ethereum,2024-10-08,2424.5817565235093
ethereum,2024-10-08,2433.41739093056
ethereum,2024-10-08,2425.093384479347
ethereum,2024-10-08,2424.368874941797
ethereum,2024-10-08,2433.250464082216
ethereum,2024-10-08,2432.1050983770156
ethereum,2024-10-08,2438.718570045666
ethereum,2024-10-08,2430.5436430306786
ethereum,2024-10-08,2439.467900413756
ethereum,2024-10-08,2436.6308597899533
ethereum,2024-10-08,2415.287173862368
ethereum,2024-10-08,2440.539532973981
ethereum,2024-10-08,2449.7546441585355
ethereum,2024-10-08,2429.1429634239244
ethereum,2024-10-08,2438.498960763918
ethereum,2024-10-08,2442.3118096262747
ethereum,2024-10-08,2453.458527009136
ethereum,2024-10-08,2437.9366147681
ethereum,2024-10-09,2441.4651696200294
ethereum,2024-10-09,2436.6586080810944
ethereum,2024-10-09,2458.969109605072
ethereum,2024-10-09,2448.211977436284
ethereum,2024-10-09,2442.2166100239524
ethereum,2024-10-09,2442.924241980069
ethereum,2024-10-09,2449.953418196876
ethereum,2024-10-09,2438.6293763599015
ethereum,2024-10-09,2436.3227725494207
ethereum,2024-10-09,2434.032434819347
ethereum,2024-10-09,2436.390348138402
ethereum,2024-10-09,2434.643223472928
ethereum,2024-10-09,2439.611413199621
ethereum,2024-10-09,2423.10711573125
ethereum,2024-10-09,2428.429800805464
ethereum,2024-10-09,2444.628054370307
ethereum,2024-10-09,2456.029175172619
ethereum,2024-10-09,2432.2069730338417
ethereum,2024-10-09,2432.324402344249
ethereum,2024-10-09,2407.8982293862377
ethereum,2024-10-09,2416.790961337721
ethereum,2024-10-09,2358.441978986675
ethereum,2024-10-09,2371.950436768291
ethereum,2024-10-09,2368.7504613300134
ethereum,2024-10-10,2367.4463671652793
ethereum,2024-10-10,2372.732846689047
ethereum,2024-10-10,2393.3698308730886
ethereum,2024-10-10,2392.763574165084
ethereum,2024-10-10,2394.0583910922455
ethereum,2024-10-10,2392.863597938768
ethereum,2024-10-10,2402.3307889843977
ethereum,2024-10-10,2403.4910284912125
ethereum,2024-10-10,2392.2250175869203
ethereum,2024-10-10,2380.0464882380934
ethereum,2024-10-10,2389.546006129106
ethereum,2024-10-10,2393.4432589018015
ethereum,2024-10-10,2403.682001068503
ethereum,2024-10-10,2385.578245993678
ethereum,2024-10-10,2387.335348826579
ethereum,2024-10-10,2389.737069159094
ethereum,2024-10-10,2399.762903141237
ethereum,2024-10-10,2374.154218654691
ethereum,2024-10-10,2345.8107277155746
ethereum,2024-10-10,2354.346811919811
ethereum,2024-10-10,2369.6423906352366
ethereum,2024-10-10,2364.9800765822974
ethereum,2024-10-10,2374.952158866775
ethereum,2024-10-10,2376.1026397853857
ethereum,2024-10-11,2383.5960821500107
ethereum,2024-10-11,2381.626136704801
ethereum,2024-10-11,2401.64695586163
ethereum,2024-10-11,2405.2293497538476
ethereum,2024-10-11,2409.506852637403
ethereum,2024-10-11,2407.433744535974
ethereum,2024-10-11,2405.225158625896
ethereum,2024-10-11,2412.7446137176835
ethereum,2024-10-11,2404.256617564975
ethereum,2024-10-11,2402.1713383311076
ethereum,2024-10-11,2417.931805869416
ethereum,2024-10-11,2414.4436867303993
ethereum,2024-10-11,2420.7122089182235
ethereum,2024-10-11,2421.9699324655726
ethereum,2024-10-11,2433.465038570553
ethereum,2024-10-11,2440.446783078583
ethereum,2024-10-11,2444.822654873436
ethereum,2024-10-11,2437.5038602807654
ethereum,2024-10-11,2450.920796075853
ethereum,2024-10-11,2446.5764340855885
ethereum,2024-10-11,2454.764314039718
ethereum,2024-10-11,2460.18703141416
ethereum,2024-10-11,2451.2568355244166
ethereum,2024-10-11,2439.7807716878324
ethereum,2024-10-12,2437.9147474358588
ethereum,2024-10-12,2446.568830369226
ethereum,2024-10-12,2443.2905777272626
ethereum,2024-10-12,2436.240817681149
ethereum,2024-10-12,2438.6173176286397
ethereum,2024-10-12,2445.96048068635
ethereum,2024-10-12,2446.3629723707536
ethereum,2024-10-12,2443.501553573546
ethereum,2024-10-12,2444.1188657205803
ethereum,2024-10-12,2444.153031201851
ethereum,2024-10-12,2446.1378800903144
litecoin,2024-09-12,61.845949591608296
litecoin,2024-09-12,61.68313639559087
litecoin,2024-09-12,61.838608878517555
litecoin,2024-09-12,61.68838378967486
litecoin,2024-09-12,62.338710280146394
litecoin,2024-09-12,61.92531228214203
litecoin,2024-09-12,62.463833059962305
litecoin,2024-09-12,62.78065036022698
litecoin,2024-09-12,62.622878409860974
litecoin,2024-09-12,63.05409808660357
litecoin,2024-09-12,62.81247167905267
litecoin,2024-09-12,62.752316538918166
litecoin,2024-09-12,62.953802771098
litecoin,2024-09-12,62.720381637338654
litecoin,2024-09-13,62.81332005526375
litecoin,2024-09-13,62.473163287085264
litecoin,2024-09-13,62.626820500203436
litecoin,2024-09-13,62.753265486421334
litecoin,2024-09-13,62.54698093149152
litecoin,2024-09-13,62.53677831922722
litecoin,2024-09-13,62.80131404118634
litecoin,2024-09-13,62.9577189134447
litecoin,2024-09-13,63.09531644099344
litecoin,2024-09-13,63.2478438923453
litecoin,2024-09-13,63.484195289929055
litecoin,2024-09-13,63.49324204322839
litecoin,2024-09-13,63.314663148178994
litecoin,2024-09-13,63.931044749037405
litecoin,2024-09-13,63.818660538870084
litecoin,2024-09-13,64.19930386183178
litecoin,2024-09-13,64.68457041831284
litecoin,2024-09-13,64.69506609756861
litecoin,2024-09-13,64.41029865795718
litecoin,2024-09-13,64.59920197189608
litecoin,2024-09-13,64.56644504070317
litecoin,2024-09-13,64.51945448672667
litecoin,2024-09-13,64.81985796137623
litecoin,2024-09-13,64.76792598409833
litecoin,2024-09-14,64.9637247449191
litecoin,2024-09-14,65.12137431004227
litecoin,2024-09-14,65.51286901003917
litecoin,2024-09-14,65.489626432402
litecoin,2024-09-14,65.28011526684759
litecoin,2024-09-14,65.22415303387717
litecoin,2024-09-14,65.10173765030693
litecoin,2024-09-14,65.2250219366915
litecoin,2024-09-14,65.44282504927935
litecoin,2024-09-14,65.63918532337993
litecoin,2024-09-14,65.83043185033193
litecoin,2024-09-14,65.79535488776872
litecoin,2024-09-14,65.799886274943
litecoin,2024-09-14,65.81310269472537
litecoin,2024-09-14,66.02917745886249
litecoin,2024-09-14,66.31295522025331
litecoin,2024-09-14,66.54515094901969
litecoin,2024-09-14,66.69308287378884
litecoin,2024-09-14,66.26358005715845
litecoin,2024-09-14,66.55995399285163
litecoin,2024-09-14,66.03434501112704
litecoin,2024-09-14,65.86438022089041
litecoin,2024-09-14,65.78996617117416
litecoin,2024-09-14,66.01403748305515
litecoin,2024-09-15,65.90302787284266
litecoin,2024-09-15,66.00621561067402
litecoin,2024-09-15,66.2347176518158
litecoin,2024-09-15,65.91891744432442
litecoin,2024-09-15,65.6502072313465
litecoin,2024-09-15,65.30636810590893
litecoin,2024-09-15,65.19033474662008
litecoin,2024-09-15,65.33395868477503
litecoin,2024-09-15,65.01737897929645
litecoin,2024-09-15,64.75845226370463
litecoin,2024-09-15,64.88702251790325
litecoin,2024-09-15,64.55735845800126
litecoin,2024-09-15,64.5741872861994
litecoin,2024-09-15,64.90961834564924
litecoin,2024-09-15,64.77106863803276
litecoin,2024-09-15,64.59673691434327
litecoin,2024-09-15,64.3287722601177
litecoin,2024-09-15,64.13484434136336
litecoin,2024-09-15,64.09815217507801
litecoin,2024-09-15,64.18914109621734
litecoin,2024-09-15,64.36034051252679
litecoin,2024-09-15,63.88917248231463
litecoin,2024-09-15,63.96428439461722
litecoin,2024-09-15,63.13618846382103
litecoin,2024-09-16,63.25391922087825
litecoin,2024-09-16,62.86260869244318
litecoin,2024-09-16,62.71278356548429
litecoin,2024-09-16,62.545205401600676
litecoin,2024-09-16,62.91420965258517
litecoin,2024-09-16,62.79159109656987
litecoin,2024-09-16,63.11161363624962
litecoin,2024-09-16,63.09638518215295
litecoin,2024-09-16,63.47907299546485
litecoin,2024-09-16,63.3273153295925
litecoin,2024-09-16,63.363048952161485
litecoin,2024-09-16,63.46212508443339
litecoin,2024-09-16,63.20230828949937
litecoin,2024-09-16,63.02115963700305
litecoin,2024-09-16,62.796965965940174
litecoin,2024-09-16,62.94365908825848
litecoin,2024-09-16,62.73888173191254
litecoin,2024-09-16,62.38660307315146
litecoin,2024-09-16,62.55540438829109
litecoin,2024-09-16,62.31880805591587
litecoin,2024-09-16,62.431127450507695
litecoin,2024-09-16,62.3124980183001
litecoin,2024-09-16,62.35318173337726
litecoin,2024-09-16,62.41336617233583
litecoin,2024-09-17,62.574347306145356
litecoin,2024-09-17,62.08667715987435
litecoin,2024-09-17,62.44776398718266
litecoin,2024-09-17,63.04707346237429
litecoin,2024-09-17,63.220040260558015
litecoin,2024-09-17,63.28250392408064
litecoin,2024-09-17,63.35901503869732
litecoin,2024-09-17,63.045627977977524
litecoin,2024-09-17,63.296549598689616
litecoin,2024-09-17,62.7566206375428
litecoin,2024-09-17,62.525818927230766
litecoin,2024-09-17,62.760673422986464
litecoin,2024-09-17,62.45631338173453
litecoin,2024-09-17,62.655128752801076
litecoin,2024-09-17,63.21942763293947
litecoin,2024-09-17,63.808132145302714
litecoin,2024-09-17,63.867879991379205
litecoin,2024-09-17,63.59504610609523
litecoin,2024-09-17,63.565255320934554
litecoin,2024-09-17,63.29953699733961
litecoin,2024-09-17,63.332534252265525
litecoin,2024-09-17,63.61472207409356
litecoin,2024-09-17,63.48182928323835
litecoin,2024-09-17,63.50012081091771
litecoin,2024-09-18,63.74244290589996
litecoin,2024-09-18,63.647257550455556
litecoin,2024-09-18,63.66642532422191
litecoin,2024-09-18,64.27289730962326
litecoin,2024-09-18,64.17135733605292
litecoin,2024-09-18,63.79787085085459
litecoin,2024-09-18,63.661089168198664
litecoin,2024-09-18,63.977488318898885
litecoin,2024-09-18,63.95113462345162
litecoin,2024-09-18,63.64582740336279
litecoin,2024-09-18,63.354397713602104
litecoin,2024-09-18,63.6531576027201
litecoin,2024-09-18,63.264738554571025
litecoin,2024-09-18,63.17572046223434
litecoin,2024-09-18,62.67615941354769
litecoin,2024-09-18,63.08945209555177
litecoin,2024-09-18,62.40401713647915
litecoin,2024-09-18,63.336840103253635
litecoin,2024-09-18,63.64349872998619
litecoin,2024-09-18,64.08983720390901
litecoin,2024-09-18,64.16107243154046
litecoin,2024-09-18,64.17662372757331
litecoin,2024-09-18,64.13674825378023
litecoin,2024-09-18,64.37682983121918
litecoin,2024-09-19,65.07757475246108
litecoin,2024-09-19,65.12332979109301
litecoin,2024-09-19,65.0015765612382
litecoin,2024-09-19,65.17906569171991
litecoin,2024-09-19,64.9758705499034
litecoin,2024-09-19,65.01907583814832
litecoin,2024-09-19,64.89325138805461
litecoin,2024-09-19,65.02530871310003
litecoin,2024-09-19,65.26095924439784
litecoin,2024-09-19,65.0507367268105
litecoin,2024-09-19,65.2783773615295
litecoin,2024-09-19,65.06877204824013
litecoin,2024-09-19,65.93434614232521
litecoin,2024-09-19,65.5918769345825
litecoin,2024-09-19,65.15132179700204
litecoin,2024-09-19,65.20962625162382
litecoin,2024-09-19,65.26451935947871
litecoin,2024-09-19,65.64538481257385
litecoin,2024-09-19,65.87612507920757
litecoin,2024-09-19,65.67182953926128
litecoin,2024-09-19,65.70591398271752
litecoin,2024-09-19,65.65257647203343
litecoin,2024-09-19,65.35140119974703
litecoin,2024-09-19,65.58845449057407
litecoin,2024-09-20,65.43731144078264
litecoin,2024-09-20,65.2787138576713
litecoin,2024-09-20,64.97521143951377
litecoin,2024-09-20,65.67877166650645
litecoin,2024-09-20,66.1136480049089
litecoin,2024-09-20,66.29072348522622
litecoin,2024-09-20,66.16123240081167
litecoin,2024-09-20,66.21002055678458
litecoin,2024-09-20,66.22598094371305
litecoin,2024-09-20,66.1265376944176
litecoin,2024-09-20,66.15735848700486
litecoin,2024-09-20,65.96464696955377
litecoin,2024-09-20,65.96255507519747
litecoin,2024-09-20,65.47664069969628
litecoin,2024-09-20,65.07935252617936
litecoin,2024-09-20,64.86945964297188
litecoin,2024-09-20,65.05035247344773
litecoin,2024-09-20,64.6968964443596
litecoin,2024-09-20,64.48698662060036
litecoin,2024-09-20,64.77406763815783
litecoin,2024-09-20,65.21846198283902
litecoin,2024-09-20,65.35940165217988
litecoin,2024-09-20,65.25442085502868
litecoin,2024-09-20,65.21025974446508
litecoin,2024-09-21,65.34662566210781
litecoin,2024-09-21,65.50077697305763
litecoin,2024-09-21,65.01419571216371
litecoin,2024-09-21,65.13533170418877
litecoin,2024-09-21,65.35793889849924
litecoin,2024-09-21,65.17491580904095
litecoin,2024-09-21,65.31661110060301
litecoin,2024-09-21,65.49978579837916
litecoin,2024-09-21,65.80640483723369
litecoin,2024-09-21,65.91406592003915
litecoin,2024-09-21,65.71624376762831
litecoin,2024-09-21,65.5689333143605
litecoin,2024-09-21,65.65699476816744
litecoin,2024-09-21,65.96390510220152
litecoin,2024-09-21,65.9411793412794
litecoin,2024-09-21,66.1505614707698
litecoin,2024-09-21,66.71690242220001
litecoin,2024-09-21,66.5759573833527
litecoin,2024-09-21,66.68812989548374
litecoin,2024-09-21,66.82457124534659
litecoin,2024-09-21,66.87810002598059
litecoin,2024-09-21,66.76043150342997
litecoin,2024-09-21,66.52621713504962
litecoin,2024-09-21,66.78047750908476
litecoin,2024-09-22,66.81122496674811
litecoin,2024-09-22,67.26462922786851
litecoin,2024-09-22,66.81611373434869
litecoin,2024-09-22,67.2381560405452
litecoin,2024-09-22,67.23588684802341
litecoin,2024-09-22,67.42524137583806
litecoin,2024-09-22,67.24198607967973
litecoin,2024-09-22,67.11063000815855
litecoin,2024-09-22,67.2726428246518
litecoin,2024-09-22,67.25570780599918
litecoin,2024-09-22,67.04662122016764
litecoin,2024-09-22,67.25544170613074
litecoin,2024-09-22,67.45703482844661
litecoin,2024-09-22,67.37319400318174
litecoin,2024-09-22,67.17830167509027
litecoin,2024-09-22,66.80161782568197
litecoin,2024-09-22,66.66794753848797
litecoin,2024-09-22,67.40136187672314
litecoin,2024-09-22,67.6191251052312
litecoin,2024-09-22,67.47045017267203
litecoin,2024-09-22,67.91695718333851
litecoin,2024-09-22,67.94488254015444
litecoin,2024-09-22,66.99798649602059
litecoin,2024-09-22,68.57649251415698
litecoin,2024-09-23,68.49901652646811
litecoin,2024-09-23,68.37927931533159
litecoin,2024-09-23,68.80333786567252
litecoin,2024-09-23,69.20539902402656
litecoin,2024-09-23,68.73673298015504
litecoin,2024-09-23,67.98808736637717
litecoin,2024-09-23,67.96106341809893
litecoin,2024-09-23,67.98204031937777
litecoin,2024-09-23,67.32878558900318
litecoin,2024-09-23,67.5743520746111
litecoin,2024-09-23,67.4630883924984
litecoin,2024-09-23,67.10436543624222
litecoin,2024-09-23,67.11013310917733
litecoin,2024-09-23,67.00810422104823
litecoin,2024-09-23,67.00090631884828
litecoin,2024-09-23,67.52593310682659
litecoin,2024-09-23,67.8541354530242
litecoin,2024-09-23,67.63112205076713
litecoin,2024-09-23,67.65663664756585
litecoin,2024-09-23,67.36372268124539
litecoin,2024-09-23,67.32907747181777
litecoin,2024-09-23,66.93854989815506
litecoin,2024-09-23,66.94591846081538
litecoin,2024-09-23,67.1990968661357
litecoin,2024-09-24,67.02738941593263
litecoin,2024-09-24,66.62821761323643
litecoin,2024-09-24,66.4749837366521
litecoin,2024-09-24,66.6780803925883
litecoin,2024-09-24,66.57004578852788
litecoin,2024-09-24,66.43415533069489
litecoin,2024-09-24,66.42091015742203
litecoin,2024-09-24,66.59917703830787
litecoin,2024-09-24,66.79246267473191
litecoin,2024-09-24,66.70863161385033
litecoin,2024-09-24,66.81400605826619
litecoin,2024-09-24,66.55634328279713
litecoin,2024-09-24,66.64698730629948
litecoin,2024-09-24,66.92190877178824
litecoin,2024-09-24,66.43766562792669
litecoin,2024-09-24,66.21352254399062
litecoin,2024-09-24,65.79586678337805
litecoin,2024-09-24,66.22388810341552
litecoin,2024-09-24,66.33440658603871
litecoin,2024-09-24,66.22820091920859
litecoin,2024-09-24,66.59432064788871
litecoin,2024-09-24,66.32600945852703
litecoin,2024-09-24,66.74123645170823
litecoin,2024-09-24,66.78591000699373
litecoin,2024-09-25,66.50017475792738
litecoin,2024-09-25,66.69494576565191
litecoin,2024-09-25,66.80676210825817
litecoin,2024-09-25,66.87508928663055
litecoin,2024-09-25,66.93776766321047
litecoin,2024-09-25,66.68028951511342
litecoin,2024-09-25,66.46111320918189
litecoin,2024-09-25,66.14532193443144
litecoin,2024-09-25,66.23563929375968
litecoin,2024-09-25,66.35435071007949
litecoin,2024-09-25,66.26645986219785
litecoin,2024-09-25,66.35609909384112
litecoin,2024-09-25,66.43868172563239
litecoin,2024-09-25,66.54847739977592
litecoin,2024-09-25,66.96243823209288
litecoin,2024-09-25,67.5657345097237
litecoin,2024-09-25,67.3416012277718
litecoin,2024-09-25,67.49256399013488
litecoin,2024-09-25,67.14941470830762
litecoin,2024-09-25,67.28109598255107
litecoin,2024-09-25,66.96889527557613
litecoin,2024-09-25,67.21508581322128
litecoin,2024-09-25,66.75902929472751
litecoin,2024-09-25,66.78176056380623
litecoin,2024-09-26,66.52658160753401
litecoin,2024-09-26,65.96958049321817
litecoin,2024-09-26,66.32761706001978
litecoin,2024-09-26,66.41828274523063
litecoin,2024-09-26,66.58813664960803
litecoin,2024-09-26,66.82246955011973
litecoin,2024-09-26,67.18391772261778
litecoin,2024-09-26,67.37314980919902
litecoin,2024-09-26,67.49050521298017
litecoin,2024-09-26,67.20381968576787
litecoin,2024-09-26,67.63772495937738
litecoin,2024-09-26,67.65081489701421
litecoin,2024-09-26,67.52859976661752
litecoin,2024-09-26,67.52017003813407
litecoin,2024-09-26,67.73348370748292
litecoin,2024-09-26,67.22854530001283
litecoin,2024-09-26,68.49220682295574
litecoin,2024-09-26,68.16585134932177
litecoin,2024-09-26,68.27885934509318
litecoin,2024-09-26,68.25025175600206
litecoin,2024-09-26,68.12884486273121
litecoin,2024-09-26,67.70759106874128
litecoin,2024-09-26,68.42363442150337
litecoin,2024-09-26,68.37924658633183
litecoin,2024-09-27,68.70997502864145
litecoin,2024-09-27,68.80599560749963
litecoin,2024-09-27,68.72557782022878
litecoin,2024-09-27,68.70263167330191
litecoin,2024-09-27,68.96873605580289
litecoin,2024-09-27,69.43682028664995
litecoin,2024-09-27,69.55199698850599
litecoin,2024-09-27,69.18829396417118
litecoin,2024-09-27,68.95800823938683
litecoin,2024-09-27,69.17034850109451
litecoin,2024-09-27,69.34302356487414
litecoin,2024-09-27,69.71289764970382
litecoin,2024-09-27,69.94726708189543
litecoin,2024-09-27,70.27537193336829
litecoin,2024-09-27,70.08655655683386
litecoin,2024-09-27,70.25633186009567
litecoin,2024-09-27,70.18429763230345
litecoin,2024-09-27,70.57430249203858
litecoin,2024-09-27,70.28614297510143
litecoin,2024-09-27,70.253503282869
litecoin,2024-09-27,70.54169317647145
litecoin,2024-09-27,70.73042148343404
litecoin,2024-09-27,70.66218364318526
litecoin,2024-09-27,70.9080270062812
litecoin,2024-09-28,71.15391668082856
litecoin,2024-09-28,71.32680005621756
litecoin,2024-09-28,71.06443509626658
litecoin,2024-09-28,71.36063959072735
litecoin,2024-09-28,71.38110748609535
litecoin,2024-09-28,71.23980664495458
litecoin,2024-09-28,70.5007790557662
litecoin,2024-09-28,70.32092843083306
litecoin,2024-09-28,70.35793468977246
litecoin,2024-09-28,69.4925675205654
litecoin,2024-09-28,69.50558079163895
litecoin,2024-09-28,69.93500255100285
litecoin,2024-09-28,69.71613893524427
litecoin,2024-09-28,69.11699735942632
litecoin,2024-09-28,69.55915444662082
litecoin,2024-09-28,69.9504764848704
litecoin,2024-09-28,69.75175492228351
litecoin,2024-09-28,69.49338755282359
litecoin,2024-09-28,69.64977139010553
litecoin,2024-09-28,69.72539359250302
litecoin,2024-09-28,69.75272954441488
litecoin,2024-09-28,69.75288855682042
litecoin,2024-09-28,69.8096257621419
litecoin,2024-09-28,69.75543454771254
litecoin,2024-09-29,69.96487729322375
litecoin,2024-09-29,69.69397177782302
litecoin,2024-09-29,69.6518307921617
litecoin,2024-09-29,69.67686473449459
litecoin,2024-09-29,69.5938588598455
litecoin,2024-09-29,69.18240464692
litecoin,2024-09-29,69.02243000179695
litecoin,2024-09-29,68.97573544433843
litecoin,2024-09-29,68.7504491894877
litecoin,2024-09-29,68.9024062139996
litecoin,2024-09-29,68.92091517706524
litecoin,2024-09-29,68.8594111660886
litecoin,2024-09-29,69.1114287444528
litecoin,2024-09-29,68.81794172724483
litecoin,2024-09-29,69.24783524481789
litecoin,2024-09-29,69.55964541975472
litecoin,2024-09-29,69.79896705437655
litecoin,2024-09-29,69.83727174023122
litecoin,2024-09-29,69.74609771479234
litecoin,2024-09-29,69.88426031262199
litecoin,2024-09-29,70.20478279552563
litecoin,2024-09-29,70.12455916115519
litecoin,2024-09-29,69.94358692928618
litecoin,2024-09-29,69.54554240816347
litecoin,2024-09-30,69.18434528255257
litecoin,2024-09-30,69.10334322347751
litecoin,2024-09-30,68.21964408267894
litecoin,2024-09-30,67.97519553189815
litecoin,2024-09-30,67.77152454457584
litecoin,2024-09-30,67.68654284334517
litecoin,2024-09-30,68.08657262089126
litecoin,2024-09-30,68.05639034304644
litecoin,2024-09-30,68.25490326970366
litecoin,2024-09-30,68.00780632689695
litecoin,2024-09-30,66.94552324802761
litecoin,2024-09-30,66.98896930499264
litecoin,2024-09-30,67.33256401302515
litecoin,2024-09-30,67.1960034941351
litecoin,2024-09-30,67.24699426619505
litecoin,2024-09-30,67.46063919367057
litecoin,2024-09-30,66.75394533812688
litecoin,2024-09-30,67.00238292878338
litecoin,2024-09-30,67.2486880851849
litecoin,2024-09-30,67.24684999996646
litecoin,2024-09-30,67.34080237696362
litecoin,2024-09-30,67.37302572330113
litecoin,2024-09-30,67.31173988051364
litecoin,2024-09-30,67.07284757128684
litecoin,2024-10-01,66.8448298553107
litecoin,2024-10-01,67.35081615384134
litecoin,2024-10-01,67.61167780852153
litecoin,2024-10-01,67.7343345723613
litecoin,2024-10-01,67.86291811609676
litecoin,2024-10-01,68.08131769988287
litecoin,2024-10-01,67.90580539916951
litecoin,2024-10-01,68.15545122383521
litecoin,2024-10-01,68.23452620086651
litecoin,2024-10-01,68.23249820416947
litecoin,2024-10-01,68.379494549679
litecoin,2024-10-01,68.42035385227513
litecoin,2024-10-01,68.10665038683197
litecoin,2024-10-01,68.0471400771969
litecoin,2024-10-01,67.28020770531182
litecoin,2024-10-01,65.88218422060903
litecoin,2024-10-01,65.38371101730803
litecoin,2024-10-01,64.6692580755332
litecoin,2024-10-01,64.23584789463578
litecoin,2024-10-01,63.90619514194321
litecoin,2024-10-01,63.513064998572396
litecoin,2024-10-01,62.59184526427471
litecoin,2024-10-01,63.55646003230545
litecoin,2024-10-01,63.32087795141953
litecoin,2024-10-02,63.39590007456649
litecoin,2024-10-02,63.62092291097574
litecoin,2024-10-02,64.0668149619987
litecoin,2024-10-02,64.1544622323005
litecoin,2024-10-02,64.23786921111056
litecoin,2024-10-02,64.11010317576803
litecoin,2024-10-02,64.06036311843832
litecoin,2024-10-02,64.41746196310653
litecoin,2024-10-02,64.39505670384338
litecoin,2024-10-02,64.4372624342662
litecoin,2024-10-02,63.75720034762977
litecoin,2024-10-02,63.17298303718381
litecoin,2024-10-02,63.38886499385413
litecoin,2024-10-02,63.34330515241025
litecoin,2024-10-02,63.920259469217136
litecoin,2024-10-02,63.25498489543878
litecoin,2024-10-02,64.01681340007717
litecoin,2024-10-02,63.76819450707898
litecoin,2024-10-02,63.55160356803891
litecoin,2024-10-02,62.9423970576322
litecoin,2024-10-02,62.86182735936505
litecoin,2024-10-02,63.19851439606994
litecoin,2024-10-02,62.96893661687995
litecoin,2024-10-02,62.86943363814188
litecoin,2024-10-03,62.952461483456155
litecoin,2024-10-03,63.189233869100875
litecoin,2024-10-03,63.70185214843181
litecoin,2024-10-03,63.722424259013
litecoin,2024-10-03,63.87318485265453
litecoin,2024-10-03,63.71493078157349
litecoin,2024-10-03,63.497938413825565
litecoin,2024-10-03,63.78053179846641
litecoin,2024-10-03,63.38198382686911
litecoin,2024-10-03,62.33133799812578
litecoin,2024-10-03,63.176822217661794
litecoin,2024-10-03,63.43306266356981
litecoin,2024-10-03,62.92736729051614
litecoin,2024-10-03,63.039084074027656
litecoin,2024-10-03,63.00287878493546
litecoin,2024-10-03,62.19954186247335
litecoin,2024-10-03,62.77000307045418
litecoin,2024-10-03,62.41367316062148
litecoin,2024-10-03,62.972362819304124
litecoin,2024-10-03,62.95865060416565
litecoin,2024-10-03,63.352049374317865
litecoin,2024-10-03,63.135463285660265
litecoin,2024-10-03,63.378577293442696
litecoin,2024-10-03,63.42099581822493
litecoin,2024-10-04,63.43807655374438
litecoin,2024-10-04,63.35976439791293
litecoin,2024-10-04,64.3850054089657
litecoin,2024-10-04,64.01807379359681
litecoin,2024-10-04,64.10212097499974
litecoin,2024-10-04,64.30127927485522
litecoin,2024-10-04,64.47763073022517
litecoin,2024-10-04,64.21825475654691
litecoin,2024-10-04,64.40814763340703
litecoin,2024-10-04,64.28920627620327
litecoin,2024-10-04,64.39438321822136
litecoin,2024-10-04,64.19869896105165
litecoin,2024-10-04,64.30505227623381
litecoin,2024-10-04,64.54290386235068
litecoin,2024-10-04,64.18944648567748
litecoin,2024-10-04,64.3175226275707
litecoin,2024-10-04,64.53999056834746
litecoin,2024-10-04,65.05629316628907
litecoin,2024-10-04,64.83592884319494
litecoin,2024-10-04,65.0912970121757
litecoin,2024-10-04,65.14634203993302
litecoin,2024-10-04,64.96263355970393
litecoin,2024-10-04,64.9139157621476
litecoin,2024-10-04,64.94509037896862
litecoin,2024-10-05,64.9720115649113
litecoin,2024-10-05,65.33968089151803
litecoin,2024-10-05,65.21731901622813
litecoin,2024-10-05,64.97210173702229
litecoin,2024-10-05,64.91947142018746
litecoin,2024-10-05,65.26380913541124
litecoin,2024-10-05,65.36162175022616
litecoin,2024-10-05,65.5200604713
litecoin,2024-10-05,65.23816972717398
litecoin,2024-10-05,65.54013340684544
litecoin,2024-10-05,65.57088322226622
litecoin,2024-10-05,65.5137127655473
litecoin,2024-10-05,65.67089032641589
litecoin,2024-10-05,65.75245869605908
litecoin,2024-10-05,65.76834911183276
litecoin,2024-10-05,65.6542758396112
litecoin,2024-10-05,66.09173886313773
litecoin,2024-10-05,65.76036054879269
litecoin,2024-10-05,65.92878208002925
litecoin,2024-10-05,65.96486384514388
litecoin,2024-10-05,65.4116225634346
litecoin,2024-10-05,65.10204554845924
litecoin,2024-10-05,65.55801382054112
litecoin,2024-10-05,66.21430578137361
litecoin,2024-10-06,66.2436069037997
litecoin,2024-10-06,66.26637423427731
litecoin,2024-10-06,66.48465782069961
litecoin,2024-10-06,66.48423948793518
litecoin,2024-10-06,66.44550426881203
litecoin,2024-10-06,66.45950494333765
litecoin,2024-10-06,66.72199370494388
litecoin,2024-10-06,66.72995100054908
litecoin,2024-10-06,66.9905973659171
litecoin,2024-10-06,67.04945385501274
litecoin,2024-10-06,67.3151911374238
litecoin,2024-10-06,67.37060394111201
litecoin,2024-10-06,67.58379812366734
litecoin,2024-10-06,67.43328544608823
litecoin,2024-10-06,67.38942053842045
litecoin,2024-10-06,67.3764521495317
litecoin,2024-10-06,67.36633292015965
litecoin,2024-10-06,67.23801486533708
litecoin,2024-10-06,67.16428554437681
litecoin,2024-10-06,67.3832419024889
litecoin,2024-10-06,67.26197472526252
litecoin,2024-10-06,67.30968629424406
litecoin,2024-10-06,66.95606390291059
litecoin,2024-10-06,67.44388162539794
litecoin,2024-10-07,67.03474815129857
litecoin,2024-10-07,67.59774580162784
litecoin,2024-10-07,67.86929504849952
litecoin,2024-10-07,67.5918398602568
litecoin,2024-10-07,67.76932357509955
litecoin,2024-10-07,67.68013384301439
litecoin,2024-10-07,67.57977816433448
litecoin,2024-10-07,67.66542842266321
litecoin,2024-10-07,67.47926633690433
litecoin,2024-10-07,67.30049988671102
litecoin,2024-10-07,66.67414321277563
litecoin,2024-10-07,66.13132187609732
litecoin,2024-10-07,66.26684183510405
litecoin,2024-10-07,65.71044139082954
litecoin,2024-10-07,66.34498411163925
litecoin,2024-10-07,66.6746215952302
litecoin,2024-10-07,65.8151712267532
litecoin,2024-10-07,65.99718058024482
litecoin,2024-10-07,65.70954549244362
litecoin,2024-10-07,65.32523579989856
litecoin,2024-10-07,65.64134925121974
litecoin,2024-10-07,65.67535323386531
litecoin,2024-10-07,65.52662409079502
litecoin,2024-10-07,64.90940001874826
litecoin,2024-10-08,64.69647848522257
litecoin,2024-10-08,65.10261075769753
litecoin,2024-10-08,65.31559575250624
litecoin,2024-10-08,65.26194343856012
litecoin,2024-10-08,65.29741978514949
litecoin,2024-10-08,65.33400155565445
litecoin,2024-10-08,64.76019037817653
litecoin,2024-10-08,64.85336842120594
litecoin,2024-10-08,64.92173200900139
litecoin,2024-10-08,65.08699272163125
litecoin,2024-10-08,65.30404941060166
litecoin,2024-10-08,65.47075061679726
litecoin,2024-10-08,65.56466006619743
litecoin,2024-10-08,65.5206792514578
litecoin,2024-10-08,65.6407816073667
litecoin,2024-10-08,65.9747967489537
litecoin,2024-10-08,65.49197859210504
litecoin,2024-10-08,65.72961215176785
litecoin,2024-10-08,65.63737846773763
litecoin,2024-10-08,65.60679752566422
litecoin,2024-10-08,65.63564837117175
litecoin,2024-10-08,65.94512001062228
litecoin,2024-10-08,66.0133450682335
litecoin,2024-10-08,65.80895004061529
litecoin,2024-10-09,65.63756304141515
litecoin,2024-10-09,65.65904341462449
litecoin,2024-10-09,65.74335715921326
litecoin,2024-10-09,65.4154853674651
litecoin,2024-10-09,65.56514375072733
litecoin,2024-10-09,65.68873556984171
litecoin,2024-10-09,65.83662222761015
litecoin,2024-10-09,65.62455100451851
litecoin,2024-10-09,65.80444846576778
litecoin,2024-10-09,65.66595783137234
litecoin,2024-10-09,65.66730995690118
litecoin,2024-10-09,65.57734048634225
litecoin,2024-10-09,65.582680237408
litecoin,2024-10-09,65.11705196580213
litecoin,2024-10-09,64.96331511549872
litecoin,2024-10-09,65.20804508963809
litecoin,2024-10-09,65.02976706559322
litecoin,2024-10-09,64.76641265383275
litecoin,2024-10-09,65.08410758860322
litecoin,2024-10-09,65.01600170121853
litecoin,2024-10-09,64.77136152129755
litecoin,2024-10-09,64.25936013396084
litecoin,2024-10-09,64.14289338170246
litecoin,2024-10-09,64.42011290184877
litecoin,2024-10-10,64.40943781255054
litecoin,2024-10-10,64.37186779507446
litecoin,2024-10-10,64.72770843369437
litecoin,2024-10-10,64.89280774798154
litecoin,2024-10-10,64.84843576442107
litecoin,2024-10-10,64.71505220887643
litecoin,2024-10-10,64.84039786765877
litecoin,2024-10-10,64.83776283542741
litecoin,2024-10-10,64.70677946501247
litecoin,2024-10-10,64.75529661820997
litecoin,2024-10-10,64.66464726257588
litecoin,2024-10-10,64.57089769759995
litecoin,2024-10-10,64.41053516629643
litecoin,2024-10-10,64.24268443231585
litecoin,2024-10-10,64.02587326012704
litecoin,2024-10-10,64.21333065951086
litecoin,2024-10-10,64.38510866884236
litecoin,2024-10-10,64.2265190803437
litecoin,2024-10-10,63.30912691104023
litecoin,2024-10-10,63.90556618500082
litecoin,2024-10-10,64.02863854602765
litecoin,2024-10-10,64.06161403026297
litecoin,2024-10-10,63.95458156180032
litecoin,2024-10-10,64.22688186677404
litecoin,2024-10-11,64.27951203377182
litecoin,2024-10-11,64.43729593483347
litecoin,2024-10-11,64.73216094936508
litecoin,2024-10-11,64.93472056167785
litecoin,2024-10-11,65.02436696039149
litecoin,2024-10-11,65.0011877756307
litecoin,2024-10-11,64.69711717773183
litecoin,2024-10-11,64.65588575185296
litecoin,2024-10-11,64.64469132868494
litecoin,2024-10-11,64.96197286691027
litecoin,2024-10-11,65.18803950877884
litecoin,2024-10-11,65.07122738519703
litecoin,2024-10-11,65.05600794854874
litecoin,2024-10-11,65.06673273014891
litecoin,2024-10-11,65.13141979828048
litecoin,2024-10-11,65.19316644370261
litecoin,2024-10-11,65.44160983979151
litecoin,2024-10-11,65.35816522743319
litecoin,2024-10-11,65.71600466888728
litecoin,2024-10-11,65.7742540295962
litecoin,2024-10-11,65.67354228188691
litecoin,2024-10-11,65.65605383043625
litecoin,2024-10-11,65.64244607098702
litecoin,2024-10-11,65.52915025969263
litecoin,2024-10-12,65.55982796888122
litecoin,2024-10-12,65.79140654010176
litecoin,2024-10-12,65.63310469515494
litecoin,2024-10-12,65.31666442423061
litecoin,2024-10-12,65.28712395493959
litecoin,2024-10-12,65.4019598805803
litecoin,2024-10-12,65.56444777463675
litecoin,2024-10-12,65.67159449124843
litecoin,2024-10-12,65.92529949192148
litecoin,2024-10-12,66.11339757359498
litecoin,2024-10-12,66.34900621803148
